_SSID,Year,OtherTopic,Data,Security,Application,Infra,FrontEnd,BackEnd,SaaS,Community,StartUp,Enterprise,Academic,SessionCount
9NWSRR,2020,62,64,57,63,61,58,61,56,62,56,60,56,256
PMWQHW,2020,66,58,56,60,60,61,57,58,65,61,58,59,256
L8UCTT,2020,66,68,60,61,59,57,60,58,60,55,63,56,256
LNZ9DD,2020,63,61,54,62,59,60,61,59,66,61,61,59,256
QH7QYC,2020,64,58,57,64,62,64,60,59,70,62,63,59,256
CBH7PE,2020,66,55,54,56,58,56,58,53,56,53,56,55,256
7PFEAJ,2020,65,67,58,63,61,60,63,58,61,58,62,56,256
JJHRCN,2020,63,64,58,59,58,60,60,56,59,60,60,61,256
8PCQGR,2020,70,59,53,58,60,57,57,55,61,58,60,57,256
E8FCQB,2020,66,60,59,58,62,58,59,57,60,56,62,62,256
QBHUWY,2020,64,60,57,60,64,66,65,58,62,55,60,55,256
9PCMVJ,2020,64,59,56,65,61,62,56,62,65,63,66,62,256
YDG9M7,2020,65,55,54,67,60,63,64,59,65,59,61,56,256
U7VP8N,2020,64,56,58,62,56,63,57,54,58,56,58,58,256
Z7HWSQ,2020,59,54,55,58,55,61,55,52,57,55,56,55,256
ZDJMRL,2020,64,56,54,61,58,66,61,56,60,58,57,56,256
NUHQZK,2020,60,59,56,58,60,58,57,57,64,59,60,55,256
LQESM8,2020,63,56,57,67,59,61,58,59,66,67,58,60,256
3KLLRA,2020,63,69,59,57,59,58,60,55,63,57,60,61,256
VA9GKU,2020,62,60,57,59,57,59,57,58,58,55,58,58,256
8V8THJ,2020,68,58,55,62,62,62,59,56,65,58,60,57,256
JST3EH,2020,69,59,57,69,60,65,63,59,66,61,60,60,256
R8HEAC,2020,66,59,59,58,57,60,58,58,63,61,57,61,256
KVS7PT,2020,66,62,65,63,61,62,61,57,60,59,59,60,256
KXPYPW,2020,64,61,57,68,61,57,55,61,68,60,62,59,256
9AXBYD,2020,63,77,59,60,62,58,64,58,59,58,65,56,256
MRUCX7,2020,66,58,53,66,61,64,64,60,63,58,61,55,256
WMJ839,2020,67,63,59,63,64,60,60,58,71,60,62,60,256
V3CLXW,2020,65,57,57,66,63,60,57,60,69,61,60,60,256
JHFNBM,2020,65,58,56,59,56,61,57,57,65,59,61,56,256
7YXDPD,2020,62,57,52,61,60,58,59,54,60,56,56,56,256
GQ8KNN,2020,60,65,55,53,56,58,56,50,62,55,56,59,256
BRWLPY,2020,70,57,62,61,61,60,56,58,68,64,60,61,256
TKAGJ3,2020,61,55,54,58,56,60,57,53,56,55,58,53,256
SQZMWL,2020,67,56,63,65,61,59,57,62,69,61,62,58,256
UHB7CG,2020,67,57,58,62,62,61,59,58,73,65,59,59,256
UHMKQD,2020,63,56,55,62,61,60,58,55,62,56,58,55,256
ZEKD7G,2020,66,60,56,63,63,60,59,56,63,58,60,56,256
ZVDT8S,2020,61,59,60,59,62,55,60,59,58,58,65,55,256
JPFMDV,2020,64,57,55,60,59,58,61,58,61,59,61,57,256
G7HUGG,2020,66,55,54,60,60,59,56,57,65,59,57,58,256
FVBM8M,2020,60,62,54,57,55,57,55,56,60,55,60,55,256
KCGMK7,2020,66,57,54,56,58,57,56,56,60,57,57,56,256
JQPSPU,2020,65,57,54,66,59,63,62,60,59,56,63,54,256
CN7BXS,2020,62,56,54,66,62,61,61,63,70,67,67,57,256
H9LKNE,2020,64,58,57,63,62,60,58,58,70,61,60,58,256
7MUPHM,2020,66,59,56,60,61,58,59,56,64,56,60,57,256
GN9XAP,2020,72,60,60,63,64,60,59,60,68,62,62,59,256
9PFPRQ,2020,61,67,64,58,58,55,62,57,58,55,61,54,256
CJXYY3,2020,61,61,57,59,57,60,58,55,62,57,60,58,256
HLEXAD,2020,70,60,55,64,59,61,61,58,60,56,61,56,256
D7LFPT,2020,63,61,58,57,59,57,57,56,66,60,61,61,256
PBHQLB,2020,65,58,61,62,60,60,57,57,73,62,60,67,256
YDAMMM,2020,64,61,58,62,68,63,64,59,61,59,62,59,256
UCFXXK,2020,68,63,55,68,65,65,66,66,65,63,67,57,256
SPJHSW,2020,64,56,59,57,64,55,60,57,58,55,63,58,256
WDZBBJ,2020,65,60,59,62,60,57,58,56,66,60,60,60,256
EL8MH8,2020,63,63,62,64,63,65,64,59,61,59,62,59,256
LJZQPK,2020,65,60,60,67,66,65,63,59,65,60,65,57,256
PKQM3Z,2020,67,62,58,72,66,70,63,66,66,64,68,58,256
UU9RBU,2020,71,59,62,62,64,66,60,58,66,61,61,62,256
S3RCK8,2020,69,58,56,64,64,62,59,60,66,59,63,57,256
MWJV8E,2020,69,59,59,63,63,58,56,59,65,60,62,58,256
BDMBTC,2020,58,55,55,56,54,56,54,53,59,56,56,65,256
8ZMKXG,2020,60,56,54,60,58,60,57,56,68,59,60,57,256
39NJVW,2020,70,59,58,63,64,61,60,61,71,64,64,56,256
BFCXL9,2020,66,63,56,66,65,64,65,65,62,59,67,57,256
H9NLCQ,2020,59,65,57,62,63,57,70,57,64,57,62,58,256
KY8LHR,2020,60,60,53,59,56,58,57,57,60,54,56,57,256
CFSTWL,2020,66,59,55,60,62,57,57,56,63,59,58,58,256
NWRZXN,2020,62,58,61,64,57,58,59,61,66,60,59,57,256
CYNSHB,2020,68,67,60,59,63,59,63,53,60,58,64,56,256
8BDZMQ,2020,61,59,59,58,59,59,57,55,62,61,59,60,256
3CWNNS,2020,63,64,54,65,64,63,65,60,67,61,64,56,256
TP3EHV,2020,64,57,54,61,65,57,60,59,60,57,64,56,256
ZBQH7X,2020,60,61,57,59,58,59,58,55,59,54,60,54,256
FDXMJQ,2020,62,66,60,61,60,59,59,60,63,61,64,64,256
PZPMCR,2020,68,61,61,66,73,62,65,64,68,60,67,57,256
RZS8VM,2020,64,63,58,63,68,59,63,60,70,63,66,59,256
QXWQNC,2020,68,59,57,60,62,58,59,54,63,57,60,57,256
7DZV3N,2020,63,60,58,63,71,61,62,60,60,59,64,54,256
8JXAZA,2020,64,58,55,69,59,60,59,57,62,57,59,55,256
YFSUPA,2020,62,62,55,65,63,64,65,61,70,61,63,57,256
KNJDWQ,2020,61,55,51,66,59,62,63,59,64,59,59,54,256
AJK7LH,2020,61,69,60,58,67,59,63,60,61,57,65,56,256
S3WJHX,2020,66,59,55,65,63,68,63,59,67,60,62,57,256
L779NW,2020,61,65,60,64,59,61,63,57,65,59,60,57,256
YKJKAR,2020,62,58,54,60,56,56,58,55,60,55,59,55,256
P3YRK9,2020,64,61,66,60,62,58,59,57,67,62,60,60,256
EXBECY,2020,65,59,55,62,60,60,60,59,58,56,59,53,256
PW8PYW,2020,64,61,54,61,62,58,65,61,61,57,62,56,256
NAKH73,2020,65,54,54,59,58,58,58,54,67,54,58,58,256
P8ZS9V,2020,61,55,53,59,58,60,57,55,65,63,57,58,256
AEYX7M,2020,62,54,58,57,57,58,56,55,63,63,56,60,256
UB9QKD,2020,63,60,62,62,62,58,58,60,69,65,59,64,256
A9ZFQ3,2020,65,66,58,60,63,61,64,60,59,58,60,59,256
LEVGSN,2020,56,55,52,52,50,53,54,50,58,52,53,56,256
7FBTCK,2020,59,62,53,57,59,55,59,54,56,53,61,51,256
3RQG9B,2020,62,60,55,58,61,62,58,55,59,57,57,58,256
NLE8YE,2020,68,57,56,68,64,64,61,60,71,62,63,59,256
YXSSXV,2020,64,61,64,61,61,58,58,60,71,63,59,61,256
ZMVFK8,2020,61,59,56,61,59,59,59,57,61,57,61,58,256
8RRBCQ,2020,65,61,61,63,70,63,64,62,63,61,63,58,256
KNSTGA,2020,67,58,56,63,61,62,59,59,67,65,61,59,256
AMPDAN,2020,59,49,51,57,51,57,51,52,53,56,52,52,256
MBUSWC,2020,63,56,53,59,57,57,59,53,61,55,59,58,256
W3SFGQ,2020,59,57,58,57,61,57,58,56,65,58,60,56,256
MBL7YT,2020,66,57,57,61,62,59,58,55,70,62,60,57,256
FA97AW,2020,66,62,56,64,62,60,59,59,70,62,60,64,256
SHCPS8,2020,62,61,61,62,60,59,57,58,71,60,58,64,256
TTMBKC,2020,64,57,55,64,59,60,55,56,62,58,54,56,256
JC8ZML,2020,64,60,54,62,61,59,57,56,63,61,61,56,256
TSLRJB,2020,64,56,52,58,59,64,60,56,63,59,56,56,256
EKR8VZ,2020,64,62,61,64,61,65,66,56,63,57,63,57,256
VNURXP,2020,66,62,55,58,56,59,60,56,59,58,58,60,256
QVZSZT,2020,57,63,54,61,60,59,68,61,58,56,60,53,256
J8S8GJ,2020,66,57,53,68,63,64,57,58,66,60,60,57,256
CFNNFA,2020,64,55,52,62,57,58,58,57,62,56,58,56,256
ED39MD,2020,66,61,59,62,66,60,62,62,72,64,66,61,256
F9VCQW,2020,61,56,57,67,61,61,61,61,72,71,65,58,256
9RASCH,2020,63,59,56,60,60,58,59,59,65,58,62,54,256
9CGNFS,2020,64,58,57,64,62,60,62,60,65,63,61,59,256
TLH8FB,2020,71,66,62,63,70,64,64,62,65,62,67,58,256
LGBUM7,2020,64,58,63,61,60,59,55,57,72,63,60,68,256
D3TRDM,2020,66,63,61,65,64,63,61,61,68,63,62,63,256
FACN97,2020,66,60,57,63,63,63,59,60,71,65,63,58,256
G3XQKC,2020,62,55,53,60,63,57,58,57,60,58,59,54,256
MEGM7E,2020,66,58,55,68,63,62,56,58,67,57,62,57,256
9WAZBA,2020,67,58,58,62,66,61,60,61,61,62,64,56,256
VLLJA9,2020,61,56,53,63,56,58,58,54,57,52,57,53,256
PCURFC,2020,65,59,55,64,62,70,63,58,60,58,59,58,256
JGYZ8D,2020,58,55,54,55,59,56,56,56,66,61,56,57,256
N9BDJJ,2020,67,57,58,63,62,63,60,56,69,63,61,61,256
QCRCYE,2020,63,61,58,56,59,57,60,56,59,62,61,61,256
LJD3YX,2020,63,58,53,63,58,61,62,57,60,57,60,57,256
LLXQNJ,2020,69,58,53,60,60,61,58,57,64,60,57,58,256
7DXZMR,2020,62,55,52,59,58,59,59,60,64,61,57,55,256
A7ZMAG,2020,60,61,56,58,57,55,58,54,60,56,59,54,256
EFS9UR,2020,67,61,59,63,61,60,58,55,63,58,59,57,256
RY7A9T,2020,64,57,60,59,58,62,59,56,64,59,60,60,256
3JCDGS,2020,66,59,61,63,60,59,59,60,68,65,59,62,256
Q3RBJK,2020,59,54,55,59,55,61,56,53,61,56,54,58,256
T9MZC9,2020,63,65,64,61,60,58,60,60,62,59,60,57,256
7DJGUU,2020,69,62,59,64,60,65,61,58,63,61,61,60,256
RQ9P33,2020,58,57,58,60,60,62,58,54,67,56,56,57,256
RS7W8H,2020,63,56,51,61,58,67,63,55,59,59,60,55,256
CAWDQK,2020,61,58,56,63,57,60,58,61,62,70,62,56,256
K7V8SX,2020,66,62,57,63,67,61,64,59,61,59,63,56,256
JLNVV3,2020,62,71,57,63,62,60,63,61,64,62,69,57,256
QQPLXD,2020,64,58,68,62,62,60,59,58,60,58,60,57,256
JMJ3DC,2020,63,59,57,70,64,63,66,64,62,59,66,55,256
K8H3TM,2020,59,59,59,61,75,56,63,61,59,56,62,55,256
9KRS7H,2020,64,59,61,66,64,68,58,60,74,64,62,63,256
CA9YVW,2020,63,63,56,57,61,57,57,56,64,57,62,60,256
GBTLGS,2020,64,60,59,58,67,57,59,60,66,60,62,58,256
Z7AXD7,2020,63,56,54,58,57,58,58,56,61,59,55,56,256
KWEMNF,2020,62,57,52,59,60,61,57,54,59,53,58,54,256
VMPB89,2020,65,58,68,61,65,56,60,55,62,59,61,58,256
WQQBPL,2020,65,59,56,61,59,58,56,57,61,56,60,55,256
FXKUSE,2020,68,62,55,63,62,61,59,57,62,59,59,57,256
GF8FNH,2020,65,59,63,63,69,61,62,61,72,61,67,58,256
7ALFQQ,2020,66,66,65,63,61,59,58,60,61,60,61,62,256
QT7NRC,2020,63,54,57,59,59,57,55,55,65,61,58,58,256
Q9VU3L,2020,63,61,59,60,58,60,59,55,62,60,58,59,256
CPTM9N,2020,59,53,52,56,54,60,57,54,56,52,55,56,256
JM9YVW,2020,61,61,55,61,61,61,60,64,60,56,67,54,256
GCMCDR,2020,60,56,55,55,57,55,55,55,57,57,57,58,256
P3RGE7,2020,63,63,60,59,64,54,67,62,62,59,63,57,256
S8KNBR,2020,61,60,55,57,57,56,55,57,61,59,61,61,256
AL73DQ,2020,68,60,58,64,60,61,58,57,65,62,59,56,256
JGX8JN,2020,66,57,60,62,63,58,61,58,64,54,61,57,256
RZQ7KK,2020,63,57,63,59,64,55,59,59,61,59,62,56,256
PU7JBW,2020,70,60,59,66,65,62,62,63,73,69,69,57,256
9JDTVS,2020,65,57,52,63,61,58,55,56,62,58,58,53,256
9DAZG8,2020,64,61,61,71,65,61,61,66,69,66,67,57,256
7MHVQ9,2020,68,63,60,65,74,64,67,64,64,61,65,57,256
UR7WGZ,2020,63,66,55,62,59,63,64,58,61,57,61,56,256
LPYHAY,2020,65,60,59,65,62,61,61,64,69,67,64,59,256
8VPX8V,2020,65,59,54,65,59,63,64,60,64,59,61,58,256
P9UPXE,2020,64,57,57,61,57,57,59,53,60,57,57,55,256
83VW8J,2020,64,64,57,54,56,58,56,52,63,57,57,60,256
ZVGBFW,2020,65,57,55,66,62,63,59,57,66,61,61,58,256
WQWDEL,2020,64,65,57,59,61,62,59,56,61,57,61,59,256
L7NU73,2020,63,62,55,61,56,60,59,58,59,56,57,60,256
RDCAYD,2020,63,66,62,61,64,58,65,56,59,56,65,55,256
NFM9XC,2020,63,56,58,60,60,59,59,57,59,55,61,57,256
FFF8UM,2020,64,60,55,62,64,61,59,56,60,55,60,57,256
RSKVAB,2020,61,62,55,59,62,60,62,56,60,55,60,56,256
9DYSLC,2020,70,60,61,70,64,62,58,61,72,64,59,62,256
MJKUUK,2020,65,57,57,60,61,57,56,56,63,57,59,58,256
FRKKBL,2020,65,59,59,64,59,62,57,59,65,60,59,58,256
NEXCXQ,2020,63,64,59,60,59,65,60,58,59,59,63,59,256
ECR83E,2020,69,64,59,63,60,62,61,59,64,61,62,61,256
WSJ9VW,2020,65,62,55,62,67,61,65,60,62,60,62,59,256
TSZ8F9,2020,65,59,53,58,58,60,58,55,63,58,58,57,256
EZNXBG,2020,64,56,58,62,58,58,55,60,67,61,58,58,256
FR98AA,2020,63,59,63,59,59,64,57,57,61,57,58,58,256
LFMDDG,2020,65,55,55,66,59,63,54,55,70,59,57,59,256
PD8CU8,2020,60,63,57,58,54,56,54,54,57,55,56,57,256
TSYQDY,2020,66,69,59,61,69,60,67,58,61,61,66,55,256
VSGYP7,2020,64,61,54,64,61,67,65,60,63,61,63,57,256
BGUU7K,2020,68,62,58,67,65,64,59,61,70,64,65,63,256
DWH7SF,2020,68,56,53,58,60,58,60,56,58,59,57,56,256
WTGAS3,2020,64,61,56,69,63,73,67,61,61,59,66,56,256
ERXXU9,2020,63,57,58,61,57,56,57,57,62,57,57,57,256
GBJ9AJ,2020,70,61,56,62,63,63,62,57,61,58,62,58,256
YVA7FA,2020,62,61,57,62,61,62,60,60,71,70,63,59,256
VAMLHQ,2020,66,60,61,65,64,59,61,60,62,61,62,61,256
7TQKTV,2020,64,60,58,60,65,58,59,58,73,62,64,60,256
ZNUBEP,2020,64,58,60,64,65,57,58,63,72,62,66,59,256
9AZLVM,2020,67,58,55,62,62,62,60,58,68,61,60,59,256
RH99NK,2020,64,60,58,62,73,62,64,61,65,58,65,55,256
CP3T7L,2020,67,62,58,62,64,60,58,55,66,60,59,58,256
QW8PXE,2020,65,60,55,65,62,65,63,57,62,60,62,57,256
9UGCWN,2020,65,59,55,62,61,58,56,55,61,58,57,57,256
UV7KLM,2020,62,54,57,59,60,58,55,57,71,64,59,64,256
HPCM73,2020,64,60,54,62,63,62,60,57,68,60,60,59,256
FT8N9V,2020,61,57,50,61,57,60,59,57,57,56,60,52,256
TXCPRR,2020,64,56,53,64,61,61,58,59,70,64,59,60,256
WPAQH7,2020,62,64,56,61,59,57,59,59,66,56,60,56,256
VBSMGV,2020,68,64,59,63,60,62,56,56,62,62,58,67,256
JZEZVU,2020,60,55,53,58,56,57,55,51,62,56,57,58,256
PQG3QX,2020,62,58,60,62,60,57,58,61,73,63,61,60,256
TTRCLC,2020,66,59,54,63,60,61,61,57,60,57,60,57,256
WUUF7C,2020,62,67,58,62,61,61,61,55,59,59,62,56,256
BQFJPS,2020,63,60,62,60,57,61,59,57,63,57,58,61,256
8DABUD,2020,65,58,57,66,63,65,64,58,62,58,64,57,256
NTESDK,2020,63,56,58,65,59,66,58,61,63,57,61,61,256
V9CHJY,2020,62,66,54,58,59,57,61,52,60,55,63,53,256
TSEKJZ,2020,63,56,53,55,58,58,57,55,61,57,56,55,256
NUXRV3,2020,62,56,53,63,59,60,59,59,58,56,60,56,256
H7ZGXJ,2020,65,57,57,61,61,59,58,55,70,62,59,57,256
Z8WZMV,2020,63,56,59,63,60,58,58,61,64,57,63,59,256
FZJQSW,2020,65,56,59,61,59,58,55,57,67,59,61,57,256
97FRXH,2020,65,66,69,60,62,60,63,54,61,57,63,58,256
KK8ZNQ,2020,67,63,62,64,71,61,64,64,66,63,67,57,256
Q9K3GR,2020,59,59,61,55,60,56,59,53,57,58,58,57,256
XUJSDC,2020,68,58,54,59,61,58,56,55,62,61,57,58,256
JVEEKD,2020,65,58,60,57,61,59,57,56,67,59,57,61,256
ZZGTYY,2020,64,59,56,63,61,63,59,58,73,62,59,60,256
H7YXCX,2020,64,56,54,61,62,60,63,57,62,58,60,57,256
EXDUUU,2020,70,60,59,64,62,60,59,63,67,69,64,60,256
VBLAMW,2020,60,55,58,60,59,63,58,55,65,60,57,57,256
NWFAJY,2020,64,60,55,70,62,70,68,63,63,63,62,56,256
FTMYPQ,2020,63,58,54,65,64,63,58,59,71,61,61,57,256
Q8XEW7,2020,64,59,54,63,63,61,68,61,63,55,62,55,256
EUQBC3,2020,67,68,61,60,64,58,62,58,66,60,65,60,256
9SSHU3,2020,67,60,67,67,61,62,55,60,65,60,61,66,256
FWWVVH,2020,66,58,57,62,64,60,62,59,65,61,63,59,256
JDSPUA,2020,65,65,56,61,67,58,62,62,65,57,64,57,256
EFHQ87,2020,63,55,54,59,58,63,58,57,63,58,56,57,256
WAJKLV,2020,67,60,56,64,70,66,64,61,65,59,61,60,256
PTJDNL,2020,66,59,55,65,61,65,63,57,60,58,61,58,256
FPWXXE,2020,64,58,57,60,63,58,59,58,70,65,62,59,256
QKH3J9,2020,61,56,56,62,59,60,56,59,72,63,59,58,256
AGRHJY,2020,65,61,56,64,62,63,64,57,64,60,63,57,256
J3X8SE,2021,62,60,56,62,69,58,60,60,62,61,61,56,212
YUAQMQ,2021,69,61,60,70,63,63,59,61,71,62,61,60,212
ZFSALH,2021,58,51,50,57,54,60,54,52,58,57,52,56,212
TK9WMQ,2021,64,58,57,61,67,61,61,58,61,57,60,56,212
DD8DWJ,2021,53,49,52,54,49,54,51,50,53,53,51,51,212
MPBF7T,2021,65,59,58,66,60,65,63,60,63,60,61,57,212
HHXGSF,2021,60,57,53,55,59,54,57,54,59,54,58,55,212
CXVBDZ,2021,68,60,59,65,62,60,61,58,75,64,62,60,212
AGZRAH,2021,64,64,64,60,61,58,58,57,68,61,60,63,212
J8KMTD,2021,63,58,56,64,60,58,58,60,69,62,61,58,212
ZUN3P8,2021,60,65,56,58,57,59,60,54,67,56,58,59,212
YYVUDD,2021,59,52,55,56,57,58,55,57,63,61,56,58,212
NTBPRL,2021,65,63,54,60,61,59,62,56,58,58,63,56,212
CQYSAN,2021,60,67,59,58,63,55,62,58,56,55,64,52,212
AN9QWJ,2021,59,55,52,55,58,58,56,51,61,59,57,60,212
CTUYUE,2021,60,62,58,61,59,58,60,58,66,58,64,57,212
A9VQTB,2021,64,57,60,63,60,58,59,57,67,63,57,60,212
BCXJRL,2021,64,67,60,64,64,60,62,59,65,59,65,57,212
KNDW3F,2021,67,62,56,66,61,61,58,59,72,61,62,60,212
CHM9KZ,2021,58,52,56,64,56,59,53,61,65,59,56,60,212
VHSKGW,2021,63,61,56,64,72,63,63,60,61,57,65,55,212
DNBYHE,2021,62,57,61,56,56,56,58,53,57,55,56,60,212
WVCPVH,2021,63,64,57,61,62,58,59,57,64,59,62,61,212
JNFBK8,2021,64,65,57,60,60,56,56,58,62,62,62,58,212
9XJFNY,2021,62,58,59,62,61,61,60,62,66,72,65,59,212
MGGVBY,2021,55,53,51,56,56,58,56,55,62,57,57,56,212
F89KD9,2021,59,57,56,56,56,57,57,54,63,60,59,60,212
8AUJEF,2021,54,51,48,53,55,58,54,52,58,57,57,52,212
7H3337,2021,62,55,56,64,59,59,58,60,70,62,61,58,212
7LAGPZ,2021,63,58,54,60,57,55,57,58,57,54,59,52,212
SHVWMQ,2021,65,68,59,65,72,61,67,63,65,62,66,60,212
LR83YD,2021,67,59,61,67,65,60,63,61,64,59,66,57,212
XFQH8D,2021,67,65,61,64,73,64,67,63,63,60,68,57,212
NMLNDL,2021,62,56,53,62,64,66,59,54,62,57,58,56,212
BBHNLB,2021,62,58,55,68,61,65,60,59,60,60,60,58,212
ZVQG9E,2021,62,58,61,63,59,65,65,56,61,57,60,56,212
SFATQ8,2021,62,55,55,65,56,65,56,58,59,55,60,59,212
HDH3NQ,2021,61,58,58,56,60,58,58,54,62,60,58,57,212
EBBSRL,2021,62,58,53,64,60,60,60,56,61,54,62,53,212
WJKPRJ,2021,65,57,57,59,59,59,58,53,59,55,59,56,212
ZCY9QN,2021,63,60,53,70,64,64,65,62,63,61,65,55,212
SEMZDX,2021,66,59,54,66,65,63,66,61,60,59,61,56,212
CGDY3P,2021,67,58,56,63,62,63,62,59,64,58,60,57,212
N9LDAR,2021,66,59,58,67,64,63,60,58,67,63,63,59,212
Q3FH7V,2021,62,58,56,59,61,58,59,53,59,56,59,56,212
EMZQS8,2021,64,62,55,62,65,61,70,63,63,61,66,56,212
7AJLNU,2021,66,59,56,65,62,65,65,57,61,59,61,57,212
LBNAKX,2021,63,55,58,66,61,60,60,61,63,59,60,55,212
NNWVSZ,2021,65,57,60,63,59,59,54,54,68,59,61,60,212
AKEFYE,2021,68,61,58,64,59,61,62,59,66,64,61,60,212
FAGTGQ,2021,66,60,56,64,61,61,61,58,59,58,61,55,212
YVX7GV,2021,67,59,53,64,60,62,62,56,61,59,57,58,212
8VFBHQ,2021,59,55,62,57,58,59,55,54,60,62,56,59,212
TZRNNF,2021,61,57,62,57,61,58,56,53,59,60,57,60,212
E9ZJVS,2021,70,62,56,64,63,65,65,58,66,62,62,58,212
A9XTCC,2021,59,55,56,59,57,62,57,54,58,56,58,56,212
3QH37J,2021,66,56,58,60,59,59,54,56,63,65,61,64,212
PGPRAP,2021,69,59,60,61,58,59,59,55,64,60,57,58,212
8YH8LH,2021,64,57,53,65,58,62,60,57,57,57,58,54,212
9WBNDY,2021,63,56,55,61,60,59,59,56,71,63,57,58,212
CDUKU7,2021,71,60,59,63,62,61,58,55,68,60,61,62,212
XSXD8G,2021,63,56,57,62,61,61,60,54,68,62,59,59,212
MEDVSF,2021,68,58,55,59,59,56,58,57,60,57,60,55,212
GFVPUY,2021,64,59,56,59,59,58,59,56,64,59,59,57,212
9GD9PX,2021,63,57,54,60,62,63,59,56,61,57,60,56,212
GYMZW7,2021,68,62,56,63,68,62,63,56,65,60,65,59,212
RVHHHM,2021,64,61,59,63,61,62,57,57,68,55,61,57,212
QUUK8V,2021,61,58,52,55,55,56,57,49,59,55,56,59,212
NXSRXK,2021,64,59,57,62,56,58,60,58,65,61,61,58,212
KBPDHB,2021,63,58,57,66,63,61,58,61,66,57,66,56,212
P8B7S7,2021,62,56,51,62,57,56,57,55,59,57,56,53,212
RYWAXS,2021,65,59,54,60,57,60,61,55,60,57,56,55,212
KEHPVU,2021,55,56,57,57,61,61,68,56,57,54,58,54,212
BVH7HB,2021,61,64,57,60,59,56,60,56,60,56,60,54,212
8WDMGX,2021,66,58,54,60,56,61,59,57,60,58,57,59,212
PKG9AJ,2021,64,59,59,60,62,60,58,59,71,67,62,58,212
RPM3NF,2021,61,59,55,60,59,57,57,60,62,56,59,57,212
3HCTNX,2021,63,53,55,62,61,65,56,56,60,54,59,52,212
FZB98Y,2021,62,62,60,61,62,57,60,58,67,61,63,56,212
UCVDRT,2021,64,64,56,62,62,61,61,59,58,59,60,60,212
MWDAS7,2021,63,57,58,60,59,59,56,57,67,62,59,62,212
VAPBFR,2021,64,65,57,58,58,54,56,54,60,55,59,58,212
QLJ87E,2021,58,58,56,60,56,62,60,60,63,55,59,56,212
F3VYUW,2021,63,56,53,64,58,60,59,57,60,54,63,51,212
JZQV9W,2021,61,60,51,57,57,56,59,58,58,54,60,56,212
WX7QGN,2021,66,61,59,64,69,61,59,62,64,62,62,58,212
YBFMNB,2021,68,56,56,61,61,58,57,54,65,58,57,60,212
TRSJNH,2021,65,63,61,65,68,61,69,62,67,63,62,58,212
3PEZFZ,2021,66,60,56,66,63,62,60,62,67,65,66,57,212
XASAUY,2021,68,58,53,58,60,56,57,56,60,57,59,58,212
VABYQY,2021,66,57,52,63,58,62,59,56,60,56,58,56,212
MRXJXT,2021,59,63,58,59,56,60,64,58,59,56,58,59,212
KADHMW,2021,64,56,54,64,54,61,58,54,62,58,55,56,212
ARWGTQ,2021,63,59,56,64,62,60,61,56,63,59,61,60,212
7T3KEG,2021,66,59,56,59,63,61,64,56,62,59,63,58,212
WMLMDT,2021,63,62,58,64,65,63,62,61,60,60,64,57,212
TKAA3A,2021,62,61,57,63,67,61,66,62,63,58,63,55,212
9XSBBG,2021,66,59,58,57,62,56,62,56,62,58,59,58,212
CFH8B9,2021,67,59,53,68,62,71,66,58,61,57,64,54,212
37FCRG,2021,63,57,56,61,59,65,58,55,61,58,58,56,212
VTJA3P,2021,60,57,55,57,56,57,58,53,56,56,56,56,212
YJZX73,2021,62,57,53,61,60,63,65,58,61,55,60,52,212
DKRASY,2021,66,57,53,64,57,63,62,60,60,58,57,55,212
UDGGAV,2021,62,57,60,64,63,59,61,60,60,56,63,54,212
B8MM7N,2021,63,60,56,67,65,62,62,60,70,60,62,59,212
WYXPBE,2021,64,58,61,66,63,61,57,59,72,67,61,65,212
WQGA3C,2021,58,52,52,59,52,60,55,55,58,59,54,54,212
EU9W89,2021,67,60,56,61,58,60,58,56,59,57,57,58,212
9RQKCP,2021,61,58,55,62,63,61,60,57,59,58,58,55,212
FSN8AR,2021,67,57,54,64,61,68,60,56,61,60,59,55,212
UBSHRL,2021,60,59,59,63,65,58,67,60,64,63,59,57,212
ZQPTKW,2021,63,57,57,64,67,60,61,60,64,58,62,55,212
3KAF9R,2021,61,63,54,64,60,62,62,60,64,60,67,57,212
WLTVU7,2021,65,58,57,66,63,61,59,57,63,58,61,56,212
DZMCHW,2021,61,65,53,62,58,62,60,54,60,58,61,54,212
RRRPSB,2021,60,59,55,66,63,67,65,62,61,61,62,55,212
Q9S7PT,2021,62,58,53,62,64,63,67,57,58,56,60,54,212
XV3NGT,2021,66,61,65,60,72,60,63,62,63,59,65,56,212
EH9ZEV,2021,60,56,56,59,63,56,59,57,65,60,60,55,212
RFPBRP,2021,66,56,57,68,61,64,59,62,71,65,62,62,212
CPJKQM,2021,60,56,62,64,63,58,60,64,60,58,61,55,212
8YQ8QL,2021,62,63,56,58,64,54,61,56,62,60,61,55,212
QR9PZ7,2021,63,59,56,66,65,61,60,60,70,64,62,56,212
7YY9MN,2021,63,59,56,64,63,61,61,60,67,63,66,56,212
KZJX9Y,2021,60,61,56,59,59,56,58,56,65,54,59,58,212
RBRZJH,2021,63,55,55,55,53,57,54,49,58,56,54,60,212
WQ8RFR,2021,62,60,58,59,66,58,66,60,59,57,62,55,212
ULFGUH,2021,58,68,53,55,57,54,61,52,56,54,58,54,212
B3LBXL,2021,63,66,57,60,62,59,63,56,60,59,60,55,212
MNHWKD,2021,61,67,59,62,62,59,65,57,58,55,66,55,212
CPZMQH,2021,60,56,53,63,56,59,56,60,62,60,63,52,212
G8R3UJ,2021,66,59,56,64,63,61,59,58,72,66,61,60,212
WEQ8A3,2021,65,59,60,59,61,58,59,58,64,61,61,60,212
XD9P3F,2021,68,55,52,58,56,56,57,56,57,55,57,52,212
XXN7HM,2021,68,60,59,65,63,63,62,61,65,62,65,56,212
9X7UAG,2021,65,63,60,61,70,60,61,59,60,63,63,57,212
EMJKKJ,2021,67,63,58,58,64,58,61,55,63,60,63,59,212
CQ7WUF,2021,66,59,58,63,59,62,61,57,63,58,61,58,212
YTHD8Z,2021,62,56,59,57,56,56,56,53,56,57,56,58,212
UMSVAR,2021,69,60,56,69,63,73,66,60,65,61,64,57,212
7GFQ89,2021,64,61,55,63,62,65,65,58,61,59,62,56,212
UDURJY,2021,61,62,59,60,61,57,62,58,61,55,63,60,212
WBHVFB,2021,62,59,55,63,59,63,64,58,58,57,61,56,212
W8EBBE,2021,64,56,56,58,59,60,53,57,58,56,59,61,212
EY8XKK,2021,63,63,58,65,65,60,62,60,70,65,64,62,212
JRFTAA,2021,62,55,52,59,57,56,54,57,58,56,58,53,212
HPHWNV,2021,63,59,57,67,64,60,57,60,73,65,62,58,212
ZG9XHD,2021,62,60,54,62,63,62,66,60,60,54,60,54,212
XW38RG,2021,66,58,67,64,66,58,58,63,73,63,65,61,212
UTCWTF,2021,69,60,61,63,60,63,57,58,69,65,61,67,212
QKFDFS,2021,62,59,58,65,61,62,58,59,67,60,61,62,212
URN3MG,2021,64,67,56,65,62,62,62,57,64,62,62,57,212
CFXADM,2021,67,58,56,58,60,58,57,56,62,59,58,58,212
DDXHZ8,2021,62,56,51,65,60,61,58,55,60,57,59,52,212
39M73K,2021,67,62,55,66,61,59,57,54,67,58,60,57,212
TLKEH7,2021,67,58,55,68,62,62,62,63,64,59,63,57,212
YRNA9D,2021,62,66,58,62,64,62,65,58,67,60,61,56,212
JP3EMZ,2021,62,56,52,64,61,65,68,57,59,57,58,56,212
7ZRVGT,2021,68,61,64,66,66,63,59,60,71,63,63,60,212
DDSVYN,2021,63,66,56,60,63,60,63,56,59,57,61,57,212
AMEQPS,2021,61,56,52,61,56,63,60,55,63,57,58,55,212
YMQZJG,2021,67,58,57,64,62,61,60,58,75,62,63,60,212
ASN8ZL,2021,68,63,58,63,72,63,67,61,63,59,68,56,212
EPMLYU,2021,59,54,59,62,61,61,61,55,70,59,59,56,212
YM7ZHH,2021,63,54,60,59,60,57,56,58,65,60,60,58,212
L3XAL8,2021,63,62,58,58,59,55,59,58,67,57,62,58,212
H3TKQA,2021,67,63,60,65,65,60,61,61,71,67,64,59,212
XQUYSS,2021,60,57,56,61,63,59,57,59,76,66,61,57,212
7MKHEN,2021,63,55,54,62,60,58,58,58,69,62,62,57,212
XQFBSS,2021,58,53,51,53,50,53,55,48,55,51,53,54,212
XL7QML,2021,62,63,56,63,64,60,62,61,70,67,68,57,212
HXWZEE,2021,59,65,55,54,56,58,56,51,63,55,58,60,212
Z8J7WD,2021,61,63,59,63,63,59,57,57,74,63,62,59,212
7YA8VU,2021,65,60,56,67,61,66,61,57,73,63,64,62,212
CPNC7N,2021,61,56,52,61,58,61,58,55,67,64,58,57,212
T7KYLX,2021,58,53,56,56,52,56,55,50,56,55,53,57,212
RDCYKY,2021,55,56,54,54,52,55,54,50,60,52,53,55,212
BVT3U3,2021,64,62,57,59,62,60,62,59,60,60,60,56,212
GY8RFZ,2021,63,62,59,64,66,65,63,60,71,63,62,60,212
HGXLCC,2021,59,57,53,54,53,55,54,52,57,54,55,55,212
AJCYVJ,2021,65,57,52,62,59,60,60,54,61,58,60,53,212
BRZPN7,2021,66,57,58,64,62,60,59,59,75,65,59,58,212
9USRAP,2021,65,58,57,66,64,60,59,65,67,70,68,60,212
W8WLDX,2021,64,58,57,65,61,59,58,58,74,59,60,60,212
8APWMC,2021,69,61,55,64,64,63,63,57,64,58,63,59,212
JLL78Q,2021,66,59,61,60,62,62,58,56,70,65,59,62,212
FZCMS8,2021,62,54,64,59,58,59,57,55,58,56,57,55,212
GWUVPY,2021,62,62,53,59,60,54,59,53,57,55,61,53,212
WDLWDF,2021,63,57,57,67,59,61,58,59,66,67,58,60,212
W8EXTE,2021,62,56,58,58,61,59,60,57,61,60,59,55,212
VWYRPT,2021,61,64,59,60,67,62,61,59,60,55,61,55,212
VAXMYS,2021,62,56,59,60,58,57,61,58,65,58,56,59,212
J3LK3X,2021,64,57,57,60,61,63,56,55,61,54,57,55,212
UACGSJ,2021,63,57,56,60,62,59,58,57,67,63,61,65,212
39QGA3,2021,64,60,56,63,60,66,59,55,60,62,58,59,212
JRANH8,2021,58,63,55,56,56,56,58,55,63,54,57,56,212
ED7M9S,2021,62,60,55,60,68,61,64,58,57,57,61,51,212
GHA7PC,2021,64,55,51,61,57,58,55,55,58,58,56,55,212
8UTNUP,2021,67,59,59,67,62,63,57,61,65,65,65,57,212
3R3RED,2021,65,60,57,62,61,63,60,57,62,62,57,62,212
ZYEQVH,2021,63,57,57,65,62,61,58,57,61,59,60,58,212
FAABYX,2021,60,57,55,57,60,57,56,50,60,55,57,56,212
TUKRDL,2021,70,60,60,63,60,63,56,57,63,64,58,62,212
F9JQLB,2021,61,57,55,58,57,58,61,56,59,58,56,58,212
ECVTST,2021,66,58,62,60,59,59,55,54,66,60,58,67,212
DC8ZGM,2021,65,60,58,58,61,59,62,56,63,60,62,58,212
7PN7ST,2021,60,65,59,66,72,60,63,59,65,58,64,55,212
F9P7N3,2021,64,59,61,62,64,58,59,54,65,57,64,56,212
WAXETX,2021,64,64,57,65,65,62,63,61,73,65,69,60,212
3WAUDK,2021,66,58,58,64,60,65,58,60,72,64,59,61,212
YCSPKH,2021,55,56,54,50,54,52,52,51,56,51,53,54,212
37EHDJ,2021,71,59,60,69,63,62,58,62,74,68,62,62,212
FMJEUL,2022,67,60,61,63,61,60,60,55,61,57,59,58,295
7Y7LDP,2022,64,60,54,68,61,69,65,64,66,61,61,55,295
3SZCHW,2022,68,60,55,63,59,58,59,56,60,58,59,56,295
GKDWQF,2022,66,58,58,64,63,60,58,60,72,64,61,60,295
RBYZHK,2022,63,64,56,60,61,56,62,57,57,53,60,54,295
AVAXSJ,2022,69,57,56,58,61,61,58,55,59,60,59,57,295
C7K7QH,2022,65,56,54,60,58,67,54,52,60,55,57,54,295
WZ9WGH,2022,61,62,55,60,61,62,61,60,58,57,62,56,295
PCAQMA,2022,63,60,59,61,67,59,61,59,59,58,62,57,295
DH7KPP,2022,60,58,52,63,66,62,61,55,60,56,61,53,295
8FNV79,2022,70,61,53,62,58,61,59,57,59,57,60,58,295
BK3NXS,2022,63,57,59,67,62,59,61,62,69,63,60,60,295
BZSKHV,2022,63,56,51,67,62,67,63,59,63,60,62,59,295
EX3C8M,2022,61,56,56,55,56,56,56,54,59,60,56,61,295
LZU7RP,2022,60,69,57,59,62,56,59,55,62,57,60,55,295
MXMXDS,2022,66,59,56,70,65,67,62,61,64,63,66,57,295
XUP3YQ,2022,66,60,61,63,64,60,59,57,73,62,62,59,295
P7HXPX,2022,63,57,55,60,60,61,58,58,62,57,59,56,295
7M87TR,2022,66,58,54,65,58,58,60,59,63,60,60,58,295
XLBFDJ,2022,61,56,55,54,59,53,57,55,62,54,57,54,295
ZHTKWZ,2022,62,61,54,68,61,65,63,64,62,60,66,55,295
FYJKX9,2022,62,57,55,63,60,64,59,55,59,60,60,57,295
QCF73L,2022,58,55,55,56,58,59,55,51,56,54,55,54,295
M9NVFZ,2022,63,55,57,54,56,55,55,54,59,58,57,57,295
DM3QCZ,2022,67,59,57,60,61,59,57,56,70,69,58,62,295
TXSWFX,2022,67,62,56,63,64,64,63,57,68,63,63,58,295
HPDATL,2022,60,65,56,62,59,58,57,54,60,57,60,59,295
FBVH8S,2022,65,59,55,58,59,60,62,53,56,55,60,55,295
P8LMXA,2022,65,60,56,59,59,59,61,58,59,60,63,59,295
7UN8BC,2022,62,56,52,63,61,70,62,56,59,58,60,54,295
ANR9DV,2022,58,57,55,59,61,58,56,54,68,63,59,54,295
LMT7LN,2022,58,55,54,58,57,56,60,55,58,59,58,55,295
WL9YQD,2022,67,57,58,67,61,61,61,60,62,58,61,56,295
FE99SG,2022,62,67,60,60,62,58,58,55,69,61,61,56,295
N9ACH9,2022,62,56,54,64,59,68,59,55,64,63,59,55,295
C3CZFQ,2022,60,53,55,56,57,57,54,53,61,56,58,57,295
LCMWZZ,2022,67,61,55,60,60,61,57,53,59,55,59,57,295
S9GUZP,2022,66,58,57,61,62,59,59,58,70,63,59,58,295
98DQ7B,2022,64,63,61,65,63,59,61,61,63,61,64,61,295
QGLJLL,2022,58,60,51,56,59,55,59,55,58,57,60,57,295
H8UGK7,2022,59,66,56,54,56,55,58,52,59,53,57,56,295
3HCHDC,2022,66,58,57,61,62,59,59,58,70,63,59,58,295
ZLRSQQ,2022,64,57,58,62,58,59,58,57,67,63,59,61,295
SXAQK8,2022,65,57,55,59,60,60,60,52,61,60,56,59,295
U9FJRB,2022,66,69,60,62,67,62,68,61,64,58,66,57,295
QYF3HL,2022,66,58,53,61,59,62,59,57,62,55,59,55,295
NH7HYH,2022,63,56,58,59,62,59,63,58,62,59,63,57,295
ZPPJDD,2022,62,61,53,60,60,58,66,58,62,58,61,59,295
QE37QC,2022,65,60,60,59,61,57,57,54,68,58,58,57,295
TAAPFA,2022,62,60,57,63,65,61,62,56,62,57,62,58,295
P37MJW,2022,61,64,58,63,63,66,68,60,60,58,62,55,295
7NFEUB,2022,64,60,54,65,66,65,63,59,62,60,64,58,295
3XEFAY,2022,62,67,60,62,65,58,60,59,63,60,63,62,295
RKKKR7,2022,61,56,56,60,60,58,61,59,61,59,63,57,295
R8BRJJ,2022,62,63,55,59,58,59,61,57,56,55,57,55,295
FEMFBD,2022,61,60,54,59,61,58,63,62,58,54,59,51,295
LXPQ83,2022,60,69,54,59,61,57,61,57,58,57,66,52,295
LMRGTW,2022,63,59,53,62,62,60,63,61,62,58,61,54,295
LKGNEK,2022,64,61,57,65,60,63,60,59,63,59,61,58,295
SQZBZC,2022,60,59,51,61,58,72,62,55,59,55,57,56,295
FUJAW7,2022,65,54,53,60,58,56,58,55,58,55,59,55,295
FGVPHQ,2022,61,73,58,62,61,59,60,59,59,63,65,58,295
EEEDCX,2022,62,62,61,67,70,66,67,61,69,61,64,63,295
LDXDFN,2022,67,56,59,64,60,60,54,54,65,58,60,59,295
WFSF9Z,2022,66,59,58,65,65,63,61,60,76,65,66,60,295
99GBZC,2022,68,58,59,62,60,59,58,58,73,63,62,59,295
8SQR9J,2022,64,56,56,62,59,59,56,57,72,62,58,59,295
ADARAR,2022,64,60,61,61,62,63,64,58,67,60,61,58,295
7ACNBP,2022,62,57,58,61,61,57,60,55,63,56,59,55,295
SYX83C,2022,66,58,57,62,63,60,59,58,71,63,59,58,295
EAYHVW,2022,67,58,55,66,64,67,62,59,66,61,60,57,295
B7Z33N,2022,66,59,58,62,63,61,60,57,65,61,61,58,295
MM8PG8,2022,60,54,50,57,57,55,56,52,58,56,54,54,295
HSWD8J,2022,63,57,52,62,58,64,58,55,58,58,60,57,295
KCQNHE,2022,64,56,54,61,59,60,59,55,60,54,58,55,295
UG99QW,2022,63,59,58,63,63,58,57,59,71,67,63,59,295
HVYBGZ,2022,60,60,56,65,70,62,66,62,60,56,62,54,295
UNMMMT,2022,66,56,56,63,58,57,58,61,62,59,58,59,295
3QGWZD,2022,61,57,54,62,62,62,59,58,74,64,61,57,295
KZ9EMS,2022,63,59,60,57,61,58,62,58,62,58,59,57,295
JGTGC7,2022,66,56,54,60,59,60,60,54,62,56,57,56,295
AGBPMH,2022,64,57,57,61,61,60,61,54,60,57,61,56,295
VPERD8,2022,62,56,56,56,59,58,57,54,61,60,59,58,295
THZXGY,2022,62,53,61,58,56,55,56,58,61,55,56,56,295
MLQBEL,2022,60,55,52,65,61,60,59,59,65,56,60,53,295
ZDL7PV,2022,61,58,66,63,61,57,58,57,65,59,62,58,295
SEGNCV,2022,64,57,56,57,59,57,54,53,60,57,58,60,295
XSATTW,2022,63,59,57,63,59,59,58,58,66,59,59,59,295
HPTAUB,2022,64,59,58,60,74,60,63,60,59,59,65,52,295
N93LDZ,2022,65,60,53,57,58,57,57,56,57,55,58,58,295
NMSVGS,2022,66,60,56,60,68,62,63,59,61,61,64,56,295
TDR7SM,2022,61,59,51,61,58,58,57,54,59,54,56,56,295
RMRBPH,2022,60,56,57,63,62,58,58,58,76,66,60,57,295
KWTQRF,2022,65,60,57,65,62,58,59,62,71,64,60,59,295
CGETTM,2022,63,56,54,60,59,59,63,64,60,57,64,54,295
QPDLET,2022,65,63,56,59,60,61,66,58,58,61,61,56,295
VQABJF,2022,68,58,54,59,64,59,64,58,61,57,58,58,295
LWCM3T,2022,65,59,53,60,60,59,58,54,60,57,58,57,295
QNGTP9,2022,62,56,57,63,61,60,58,60,73,67,60,67,295
WTDBSU,2022,62,56,53,60,58,56,59,54,58,56,59,58,295
TCTDL9,2022,72,56,53,59,55,57,57,54,58,57,59,56,295
KWFMZ7,2022,64,62,59,70,64,80,72,63,62,60,63,57,295
9HRTEC,2022,64,71,59,60,68,58,66,59,60,58,65,55,295
SCE8YR,2022,63,68,55,65,65,58,64,60,66,59,65,59,295
YJHXGE,2022,64,61,53,57,59,60,57,55,57,54,60,57,295
R3GDVM,2022,61,57,54,62,59,60,59,55,57,53,58,57,295
VPGS8E,2022,63,58,54,63,64,62,60,59,73,65,59,58,295
NA38Q3,2022,63,65,65,60,60,57,60,56,60,56,62,55,295
B3TC3M,2022,63,65,58,64,65,61,66,60,68,57,65,56,295
8RYEGK,2022,65,60,59,66,61,63,60,60,62,59,62,57,295
KYPNGM,2022,64,54,53,60,57,58,59,53,60,56,56,56,295
PFTEEU,2022,68,61,57,62,59,63,58,58,68,57,58,56,295
8EUCHX,2022,62,56,61,57,61,57,54,55,60,61,58,60,295
SMPNE8,2022,66,58,55,58,58,56,56,56,58,54,59,56,295
UVMFWZ,2022,59,59,54,59,57,59,58,58,65,63,61,62,295
DKBSA3,2022,63,59,59,55,61,58,60,55,64,61,58,62,295
8BANG8,2022,67,63,59,61,65,59,60,60,64,59,62,59,295
CXXJFK,2022,66,58,57,62,63,59,58,58,71,63,59,58,295
G8FQZZ,2022,65,60,60,59,61,57,57,54,68,58,58,57,295
T7FWXU,2022,66,60,52,63,57,58,58,55,61,56,59,56,295
TXUYK7,2022,60,58,53,64,58,61,60,61,61,56,59,56,295
MSCQR7,2022,62,59,56,55,56,55,58,51,58,55,54,59,295
SLCHV3,2022,60,56,58,55,54,55,55,53,59,57,61,56,295
9GCT8Y,2022,64,58,56,63,59,62,59,58,67,62,59,59,295
YHTTMH,2022,64,57,53,64,60,57,58,57,64,57,58,56,295
GPZL8J,2022,61,55,58,58,57,55,56,56,66,59,59,58,295
NPGDNS,2022,64,55,55,64,61,58,59,59,59,58,60,55,295
FPSJTC,2022,63,53,58,58,59,57,55,55,67,62,57,58,295
RP9YCK,2022,66,58,57,61,62,59,58,58,70,63,59,58,295
CMX8SB,2022,65,57,57,62,62,59,58,58,70,63,59,58,295
UVPVQC,2022,66,60,62,59,65,58,59,54,61,59,60,56,295
JQZXVN,2022,63,60,54,65,64,69,65,59,63,59,64,56,295
3D3HUT,2022,64,57,53,61,64,62,60,57,62,57,60,56,295
TDUXC3,2022,62,60,55,62,63,58,63,60,64,62,62,54,295
8DNJXA,2022,59,55,55,56,56,56,60,55,57,58,59,57,295
GMLHWP,2022,63,61,54,59,65,56,62,54,58,56,61,57,295
LG7Q7E,2022,62,62,55,61,68,58,63,64,63,60,69,54,295
8WTFTY,2022,63,55,52,63,62,61,59,54,63,59,60,55,295
EPCXSH,2022,66,57,59,69,62,61,58,61,75,71,61,65,295
BLRFES,2022,65,60,56,55,58,55,57,56,59,61,57,55,295
WZRL3N,2022,62,56,65,61,65,56,59,60,69,60,62,58,295
7WURSA,2022,64,66,58,59,60,57,60,55,62,58,61,57,295
VDWQPX,2022,60,54,52,61,54,58,55,55,56,55,57,53,295
LGMK9R,2022,65,58,57,62,59,65,60,58,71,64,60,59,295
AYRKWP,2022,62,57,59,67,61,60,58,60,70,63,59,61,295
KLKBNK,2022,65,55,56,59,57,60,58,55,60,58,58,56,295
TEHYXC,2022,59,59,55,64,59,57,57,58,63,53,57,56,295
AGCMDJ,2022,63,55,52,61,59,57,56,55,59,63,58,52,295
AWZFEW,2022,61,67,54,61,65,54,63,58,63,57,64,57,295
TN7KSF,2022,66,62,55,58,62,60,61,55,60,59,63,59,295
TP3NYR,2022,65,61,58,62,59,62,57,58,61,62,60,62,295
NYUAKX,2022,62,59,54,62,58,58,58,58,59,58,59,59,295
KDFCC3,2022,58,63,59,56,58,54,56,52,59,57,54,55,295
W3QBYT,2022,64,64,53,61,62,60,64,61,60,57,62,57,295
DEV3VC,2022,62,62,59,59,66,57,62,57,62,58,64,56,295
W3HFXN,2022,60,67,57,66,60,60,61,59,61,58,62,54,295
ZCTMES,2022,60,55,56,56,58,59,58,56,61,56,58,56,295
MMHYXY,2022,59,54,54,59,58,62,57,53,58,56,57,53,295
WHDBZH,2022,60,57,51,60,59,59,58,59,62,57,59,56,295
AXW7EY,2022,61,54,60,57,60,57,54,54,61,60,57,58,295
VTGDPT,2022,68,60,55,64,62,62,62,57,62,54,63,56,295
YDUU88,2022,63,57,51,67,61,64,63,60,65,58,61,53,295
BAAAJE,2022,64,65,53,58,61,60,60,56,63,57,60,58,295
ESQUUF,2022,58,54,55,61,57,55,54,57,67,58,58,57,295
PCFZYM,2022,61,53,59,61,58,57,57,57,59,57,58,55,295
XVLRMV,2022,61,56,52,53,50,54,54,51,59,58,55,57,295
URPCTG,2022,63,56,55,59,61,57,58,56,60,54,58,55,295
BPL3ZZ,2022,65,60,55,63,61,59,58,59,60,59,58,59,295
CWP3DG,2022,67,57,60,64,61,65,57,58,70,65,59,61,295
BQCZLE,2022,61,57,55,63,59,60,61,59,60,60,62,57,295
CJL7XN,2022,61,56,55,59,59,60,55,58,59,61,62,55,295
DFDFL7,2022,69,63,60,63,68,61,62,60,62,62,66,63,295
CUD7ZW,2022,61,56,54,60,58,58,54,57,60,65,61,59,295
TN7NJQ,2022,59,62,57,53,54,53,57,53,56,55,57,52,295
URSLSK,2022,64,53,54,61,54,56,55,57,59,59,58,56,295
WKYAKQ,2022,62,58,52,58,61,61,56,54,60,54,60,55,295
P739AS,2022,62,53,52,63,59,64,59,57,59,57,56,52,295
8KPCJV,2022,63,58,59,62,59,57,56,61,75,61,60,58,295
DACGVL,2022,66,61,58,64,60,65,61,58,67,60,62,60,295
9LNVTB,2022,63,57,54,63,58,60,58,55,60,58,58,57,295
Y8SLTY,2022,66,58,57,62,62,59,58,58,71,63,59,58,295
R7RGD7,2022,67,56,53,62,62,60,60,58,60,57,60,56,295
8X3FJG,2022,65,59,57,64,63,59,60,62,72,63,61,58,295
YFUQ9L,2022,61,61,59,57,58,56,57,58,64,58,57,60,295
Y9QC7L,2022,67,59,61,65,64,61,57,59,70,64,58,60,295
DDGUUA,2022,66,64,56,74,65,71,68,63,65,62,66,61,295
FYERQS,2022,62,58,54,55,56,55,56,53,57,56,56,56,295
9EZNGR,2022,57,61,54,58,57,55,56,54,67,55,58,57,295
DBP8BU,2022,66,61,61,66,63,63,57,61,72,63,63,67,295
ETQJQZ,2022,62,59,54,61,58,56,55,55,59,55,61,57,295
3NHELJ,2022,63,56,57,58,59,55,57,57,65,60,57,57,295
K98GTJ,2022,67,59,57,67,62,61,61,59,63,61,61,57,295
9LV9BV,2022,57,52,48,52,51,55,53,48,50,52,53,54,295
78LHTD,2022,61,57,52,61,57,67,59,54,60,58,57,55,295
CB9US7,2022,61,54,54,62,61,59,57,55,64,59,57,55,295
DNJRLQ,2022,60,63,55,57,63,52,60,55,60,58,61,53,295
3NHE8Q,2022,59,61,55,64,60,63,62,60,69,63,63,57,295
KML3VC,2022,65,57,56,61,63,59,63,57,64,59,59,56,295
EFTVFL,2022,65,59,60,62,65,60,62,60,67,62,63,59,295
33RNKA,2022,59,66,57,57,54,57,59,51,61,58,57,58,295
TY8UF8,2022,60,63,59,58,62,60,58,57,64,59,61,58,295
ATFBUC,2022,62,59,51,61,55,57,56,54,58,56,59,55,295
YA9GVH,2022,62,64,58,57,57,59,57,56,61,56,59,61,295
UVRVUR,2022,58,61,53,56,55,55,57,57,56,55,66,56,295
3XVF8J,2022,61,57,55,60,59,57,57,55,60,55,61,55,295
K7VGTT,2022,66,61,56,66,60,63,62,59,64,62,63,60,295
ZFDLJR,2022,57,61,54,64,61,58,60,57,61,57,60,53,295
FGKT9J,2022,65,59,55,59,62,61,64,55,61,56,60,57,295
PAYSES,2022,68,60,57,63,60,58,59,58,62,58,57,60,295
RAYSXN,2022,66,62,58,67,64,60,59,66,60,62,64,60,295
HUJMQT,2022,66,56,55,62,58,59,58,55,60,56,56,58,295
GTKRYJ,2022,62,57,49,58,58,57,57,55,58,56,56,54,295
7399EL,2022,63,63,55,64,56,57,57,56,58,55,60,56,295
C7E3ZG,2022,65,62,59,65,61,63,58,62,70,65,64,63,295
FVGVZH,2022,65,61,60,61,60,60,61,57,62,61,59,60,295
YZSYKC,2022,58,56,54,65,60,61,60,55,64,59,59,55,295
PXJNFZ,2022,59,58,56,59,67,55,62,58,56,58,60,54,295
XKKSNH,2022,60,54,55,60,58,57,55,58,57,55,55,52,295
W3AE8E,2022,65,60,58,66,69,59,65,63,59,60,64,58,295
SYWYNR,2022,64,57,56,60,56,59,57,57,55,57,60,56,295
BREBMX,2022,61,59,56,60,63,58,57,59,74,66,62,63,295
JDMYCD,2022,62,56,53,60,58,58,58,58,63,58,56,56,295
KPTPRD,2022,60,56,55,61,60,57,56,60,75,60,60,60,295
YVDMAH,2022,64,61,56,66,65,64,62,59,68,62,63,61,295
8VGVF8,2022,59,54,54,60,53,55,54,55,59,58,58,56,295
FDVNW3,2022,64,59,55,62,59,68,58,55,61,56,60,54,295
DLUS7B,2022,69,74,61,63,68,63,63,60,67,63,65,60,295
URRHGP,2022,66,62,63,65,65,58,62,70,69,63,66,59,295
X3XL3D,2022,63,59,56,64,70,60,61,59,66,62,63,57,295
TBC8JU,2022,63,55,56,58,56,53,55,53,59,58,56,57,295
JLFGYC,2022,63,62,52,57,65,60,66,55,60,54,61,53,295
3QNTQT,2022,66,59,55,66,63,68,61,56,63,58,62,57,295
TWTPNA,2022,63,59,59,61,68,59,61,59,67,62,63,59,295
SMHLTX,2022,66,57,57,60,61,59,57,61,64,73,62,57,295
X8HNXU,2022,65,60,61,65,64,62,59,58,74,63,60,62,295
SLATUT,2022,64,60,50,58,57,56,60,59,58,52,58,55,295
WDLF8P,2022,61,60,62,64,63,61,62,61,63,60,63,57,295
7CPAR7,2022,60,59,54,66,69,62,68,65,60,59,62,54,295
R9CARG,2022,68,59,58,62,66,61,61,58,72,63,62,57,295
X3YWKM,2022,63,61,56,58,58,57,57,56,64,59,61,59,295
QFVL88,2022,59,65,55,54,56,58,56,51,62,55,58,60,295
MMWARS,2022,64,58,54,64,61,59,58,59,72,64,60,58,295
BVUBQW,2022,67,62,60,63,62,58,57,53,63,57,58,58,295
NEAVW9,2022,64,59,56,60,59,56,54,55,59,57,58,61,295
VQCJUP,2022,60,64,55,56,58,56,57,53,58,55,58,53,295
DVSRME,2022,60,58,56,57,61,54,59,56,60,52,59,57,295
E3VDJX,2022,67,58,56,62,59,60,57,57,61,56,59,57,295
GWLJ79,2022,60,60,52,59,65,57,59,57,60,57,62,57,295
MRNTPK,2022,63,58,57,63,63,62,57,60,63,63,64,54,295
NDG9GT,2022,57,54,54,57,60,62,66,59,54,52,58,50,295
TEYN89,2022,65,59,52,63,58,58,58,53,60,55,58,55,295
HHWKMW,2022,62,57,57,62,59,57,58,55,59,56,59,54,295
8CKEL7,2022,66,68,59,65,63,61,60,57,65,60,63,59,295
9KANAX,2022,62,56,53,64,56,61,58,58,58,60,60,53,295
RU3ZWC,2022,70,57,56,60,61,59,60,55,62,57,60,55,295
RWGSPP,2022,60,62,55,60,61,60,60,60,65,59,59,65,295
R8BJTS,2022,64,57,53,60,57,61,59,57,54,53,56,54,295
FNDVB3,2022,62,64,61,59,60,60,58,57,67,57,61,61,295
3C3VPT,2022,59,60,54,58,58,59,60,58,68,64,60,63,295
WH3X8U,2022,64,56,52,67,57,59,56,57,56,56,59,55,295
GWWSLW,2022,62,55,53,60,53,65,57,53,58,56,57,56,295
VRHMGG,2022,65,69,56,59,57,56,58,54,58,55,60,55,295
9QS3RF,2022,60,53,52,66,56,58,58,60,60,60,56,57,295
8BE7QE,2022,59,64,58,56,62,51,59,56,59,58,60,54,295
QQVQ3D,2022,70,61,64,66,63,62,57,62,69,65,66,60,295
WZGMT3,2022,65,56,59,59,61,58,58,58,65,60,55,59,295
JMJGYL,2022,66,59,59,63,61,62,60,58,64,64,60,63,295
ZKKAC9,2022,64,60,55,63,60,59,58,58,59,58,59,56,295
SRKVLQ,2022,63,76,60,63,64,62,65,62,69,63,63,62,295
Y3PFWD,2022,62,62,56,61,62,57,59,59,68,61,62,59,295
AVNXXQ,2022,61,65,56,62,64,59,65,59,62,56,64,55,295
C8VC8K,2022,66,58,58,65,64,65,60,57,73,65,62,64,295
AEKNGS,2022,65,59,55,66,59,71,61,57,59,59,59,58,295
MRKVDK,2022,67,60,59,61,69,60,61,56,62,62,62,60,295
Y9E7PD,2022,60,53,53,57,57,58,56,54,63,59,61,63,295
MG7XEC,2022,63,59,62,60,61,57,56,58,69,62,57,65,295
UWXPCQ,2022,64,60,56,63,62,61,57,54,61,55,57,55,295
EMRWQC,2022,62,57,67,57,60,58,57,57,62,60,57,61,295
3NRBNE,2022,64,59,54,66,61,66,64,59,61,60,62,54,295
YTWHAA,2022,65,58,54,68,62,67,60,60,63,57,62,55,295
BBYBCF,2022,68,59,64,64,64,60,61,61,67,60,61,61,295
37HW8Z,2022,64,60,57,65,73,62,59,58,63,60,63,59,295
RW3HAY,2022,62,55,53,63,56,65,58,54,61,58,57,57,295
MGEJRF,2022,62,61,50,62,56,55,57,55,63,57,60,55,295
UCCLD8,2022,67,61,56,63,63,63,61,55,64,60,64,58,295
TD8TNX,2022,62,58,56,61,62,62,56,56,58,52,61,53,295
DRKK89,2022,60,57,52,60,56,61,59,56,53,55,58,55,295
JMENTC,2022,65,60,61,64,62,59,59,57,63,58,61,56,295
MRPXM8,2022,63,58,56,65,60,63,65,62,59,56,63,57,295
QWT9TG,2022,63,56,52,65,60,62,62,59,60,57,61,54,295
UR8QZ3,2022,64,57,55,56,59,60,57,54,61,59,58,58,295
DAC7MJ,2022,63,58,55,62,60,59,57,57,72,63,60,59,295
AGSLDV,2022,61,56,61,57,60,57,54,55,60,61,57,59,295
ZN8WQT,2022,61,63,56,61,61,59,59,56,61,59,59,58,295
YMC3CA,2022,60,57,56,56,55,57,56,52,62,58,57,59,295
SWZGFV,2023,64,59,62,64,62,61,58,56,61,59,61,65,352
ZSZAKG,2023,63,57,56,62,59,57,56,58,66,59,58,58,352
QABLVS,2023,61,66,58,62,60,60,65,56,61,57,61,56,352
DBTWCP,2023,64,70,57,59,63,58,64,58,61,59,64,58,352
TP9FSJ,2023,63,56,58,65,62,65,58,61,75,69,60,59,352
FZ3C8S,2023,63,57,54,60,61,61,59,53,60,55,59,56,352
FUCZYD,2023,66,59,58,62,59,56,56,55,61,58,58,56,352
EQGB7L,2023,59,58,66,62,59,62,64,57,59,55,57,55,352
SAXWES,2023,61,58,57,64,65,60,72,66,58,57,66,53,352
SVTYTE,2023,71,60,54,61,57,59,58,56,60,58,61,57,352
ULNXYH,2023,57,57,55,58,54,56,55,54,61,56,55,56,352
QYPYUG,2023,66,60,54,61,58,59,56,57,66,60,57,60,352
X7SLCR,2023,65,62,57,61,65,58,59,64,61,56,64,55,352
V8F9VH,2023,61,62,57,65,60,59,63,58,61,60,61,58,352
TYFMP7,2023,65,59,53,69,66,71,68,59,67,62,66,56,352
HL88HZ,2023,60,64,52,62,60,57,60,57,59,57,60,56,352
EVX7JQ,2023,62,55,56,63,59,57,56,59,62,58,59,56,352
CZWWVS,2023,59,60,56,59,67,59,59,60,58,60,63,58,352
MG7BDS,2023,62,54,53,60,58,64,59,55,55,55,61,52,352
SAYQPG,2023,62,55,55,61,61,61,57,56,63,59,59,56,352
FYPKL9,2023,61,57,62,63,61,68,60,58,65,60,60,56,352
JBVBZN,2023,63,62,56,60,61,58,58,58,64,58,62,57,352
C7JTLG,2023,64,57,57,64,60,60,58,59,63,61,60,57,352
3WWMFM,2023,65,61,58,65,69,63,61,59,68,63,64,60,352
L78THQ,2023,58,55,61,56,55,55,58,56,55,57,58,56,352
SGNHKA,2023,65,59,61,59,70,61,60,58,67,62,59,59,352
8T37NM,2023,62,55,52,60,54,58,52,53,61,53,55,53,352
MXDBRM,2023,67,63,62,65,65,63,63,61,71,63,66,60,352
B8AXHU,2023,65,60,69,65,65,60,60,60,69,62,61,62,352
39K9NC,2023,65,58,55,61,60,61,61,62,67,60,59,57,352
FTLGPN,2023,60,64,64,63,71,61,63,60,64,58,64,56,352
GGX7RB,2023,64,62,60,58,61,59,56,57,66,61,61,60,352
JLZM37,2023,64,63,55,61,65,58,59,57,61,57,59,58,352
VAHKVH,2023,64,60,56,64,60,65,61,57,62,64,62,60,352
GYHMXU,2023,65,61,54,64,61,69,63,60,61,57,61,55,352
998L9W,2023,69,60,55,63,58,58,57,59,64,62,59,57,352
DTQSDV,2023,62,61,53,61,60,59,65,58,61,59,61,56,352
EBHEGV,2023,63,58,61,63,58,56,55,57,69,62,58,58,352
GL9RD8,2023,71,60,59,62,65,58,58,57,63,56,60,57,352
MG78WL,2023,66,56,66,63,63,57,58,59,62,59,62,60,352
8PDDHW,2023,66,59,56,59,71,61,62,58,59,57,62,55,352
EFMZR3,2023,66,59,56,65,61,62,61,59,63,60,64,56,352
KJRHRR,2023,64,60,60,62,60,57,56,57,61,58,57,59,352
JTDYTG,2023,65,59,53,61,58,59,61,57,60,58,60,57,352
F3H3HP,2023,59,64,54,55,62,54,62,54,58,57,60,54,352
JMHL87,2023,64,62,58,65,63,62,63,59,63,59,62,59,352
KNCV8H,2023,63,64,59,63,65,62,61,58,61,55,62,58,352
PZSRQ8,2023,60,61,54,57,56,54,56,56,55,54,58,53,352
URPPHL,2023,60,64,59,55,64,57,61,54,56,56,61,54,352
HP9F3Z,2023,66,66,58,66,60,61,58,55,61,57,59,61,352
TMZRQP,2023,69,61,60,60,66,60,70,60,59,58,62,58,352
DSJR9G,2023,62,63,59,66,67,66,65,60,68,62,63,62,352
UH3EXE,2023,67,64,57,64,67,59,66,61,64,60,65,57,352
9SSA8R,2023,60,62,63,61,62,59,59,58,62,57,60,59,352
DKYAKQ,2023,65,60,57,61,66,61,60,55,62,57,61,54,352
CMJUAB,2023,62,62,58,63,62,67,63,59,64,55,61,59,352
Y7GDZZ,2023,66,58,54,62,60,60,61,57,61,59,59,57,352
UBDV83,2023,66,64,57,61,59,61,61,58,69,61,59,58,352
KXWYQL,2023,62,61,54,64,64,70,70,59,61,59,61,57,352
EGQK3C,2023,60,64,58,59,67,58,62,58,58,56,63,54,352
FCJTW3,2023,58,62,58,57,59,58,60,55,63,54,59,58,352
WZHJZ9,2023,61,53,65,59,57,60,55,55,58,55,57,53,352
7SVMUC,2023,64,60,54,59,63,57,60,60,62,56,61,56,352
PR3SVC,2023,61,58,55,65,65,59,59,61,66,60,62,58,352
CHXDHC,2023,61,58,54,62,58,62,60,59,58,56,62,55,352
KTTMUY,2023,63,57,55,60,64,61,56,58,59,56,58,54,352
FZKPJN,2023,68,60,61,69,65,64,62,64,71,66,64,61,352
DDFTHC,2023,61,64,57,60,59,61,58,58,61,53,62,57,352
X3SC8T,2023,64,57,57,59,62,57,60,58,75,63,63,57,352
GDGJJZ,2023,60,56,55,62,57,58,59,58,65,62,62,58,352
LXQGDU,2023,63,60,50,61,58,58,61,58,61,57,61,57,352
XNFJC8,2023,63,63,55,61,58,60,60,55,58,57,58,56,352
PFDM7U,2023,60,62,59,60,57,59,60,56,63,56,60,65,352
X3UYBZ,2023,61,64,56,56,64,53,61,54,58,57,60,55,352
8GEEAR,2023,65,55,55,60,59,61,59,56,62,61,58,59,352
BB9VZG,2023,56,53,52,57,58,58,56,54,62,57,59,55,352
TRAZU7,2023,65,61,64,60,67,60,63,56,62,60,64,58,352
3RY9JG,2023,61,56,58,65,59,57,58,56,61,57,60,57,352
RG37SG,2023,55,52,54,55,58,58,57,54,57,56,59,55,352
XPXNMP,2023,69,61,61,64,63,60,58,60,66,65,62,59,352
79HFVZ,2023,59,57,51,60,59,68,62,57,62,57,59,55,352
ED3VPX,2023,58,65,55,60,57,56,58,59,60,59,61,57,352
QC3XEN,2023,60,56,57,64,59,64,58,59,65,58,58,59,352
QBG8U7,2023,58,61,55,60,59,60,62,56,62,54,61,55,352
SR7CVP,2023,63,60,57,63,71,60,61,59,65,63,61,55,352
EHVAM3,2023,65,59,51,62,57,61,61,56,62,59,57,58,352
LVKG8D,2023,60,58,54,59,56,59,55,54,64,60,60,60,352
CHMKDS,2023,62,63,57,62,60,61,63,57,59,56,59,59,352
3UECGN,2023,57,53,61,56,58,54,54,55,64,56,58,56,352
MGW99Q,2023,67,61,63,65,62,57,55,64,73,69,61,65,352
F7WJ9A,2023,62,60,67,60,66,57,60,57,60,58,61,57,352
ZQLYEN,2023,62,60,56,66,60,63,62,61,60,57,65,56,352
R977RN,2023,65,60,58,65,60,60,58,59,73,61,61,59,352
KFFWVA,2023,70,57,55,58,59,62,56,56,58,60,57,56,352
LN8PAN,2023,64,58,56,65,65,68,68,60,65,59,63,56,352
AUMHPW,2023,59,57,54,60,60,60,59,59,69,65,59,58,352
XNBAVV,2023,67,57,59,66,61,71,58,59,74,63,60,59,352
GYUUD8,2023,67,67,58,63,62,60,62,58,62,61,62,57,352
W3333Y,2023,59,53,51,58,54,60,54,54,60,60,58,52,352
LNUMDJ,2023,62,65,58,57,67,57,62,56,59,56,61,55,352
TKMDCL,2023,66,60,57,61,61,61,60,59,70,60,62,58,352
3YQUVL,2023,65,58,53,62,58,60,60,54,61,58,58,59,352
KSJLLL,2023,67,66,57,61,71,59,62,59,62,60,65,58,352
KRQUUR,2023,65,60,55,64,58,62,65,57,62,59,58,56,352
KBT8C7,2023,66,62,57,64,65,63,65,64,70,63,66,57,352
DVVQ3T,2023,69,58,56,63,62,61,61,60,60,59,61,56,352
PM9CMJ,2023,61,58,55,56,57,54,57,54,61,59,57,57,352
YEVZXC,2023,65,56,55,62,57,60,59,59,62,59,59,57,352
SUGBT8,2023,63,64,63,61,63,60,60,59,60,55,62,61,352
LH8TAF,2023,67,59,59,66,64,62,58,62,75,65,62,61,352
8EA8NH,2023,61,65,58,54,55,55,58,53,56,55,57,57,352
W8EEPE,2023,62,56,60,57,60,54,53,54,66,61,57,56,352
TAFBB3,2023,65,57,58,64,64,60,60,61,77,67,61,59,352
WMW8EB,2023,67,59,57,64,63,63,61,58,68,65,63,59,352
HXRHYG,2023,60,66,57,58,57,57,59,57,60,59,62,57,352
W7TAX3,2023,63,58,59,68,61,61,56,61,69,59,57,63,352
PT8VT7,2023,64,61,57,62,70,63,63,62,63,60,64,56,352
9AXGL7,2023,68,57,57,62,64,61,59,58,62,57,61,55,352
BQ97CG,2023,67,63,61,68,64,62,60,66,71,72,67,61,352
APY3ST,2023,62,51,52,61,58,57,55,53,61,58,56,53,352
ZFPXTX,2023,70,62,57,66,70,62,64,62,72,65,65,58,352
DKNPD8,2023,66,61,57,67,60,60,59,57,64,58,62,56,352
TXZWJG,2023,62,60,58,65,55,66,55,61,60,56,61,56,352
L7AMRC,2023,65,62,61,64,74,62,62,60,59,58,65,57,352
VWAH3S,2023,61,67,60,56,56,53,58,55,61,55,57,56,352
SPMM8U,2023,63,59,56,63,61,60,60,63,71,66,64,59,352
AVZGSH,2023,63,64,56,61,59,61,61,60,60,59,63,59,352
SY3PCJ,2023,69,60,58,65,72,64,64,59,64,62,63,58,352
XJU9FS,2023,61,60,60,58,59,58,56,59,63,60,60,58,352
N8UQQZ,2023,63,59,69,57,61,54,56,56,61,57,57,58,352
A9VPER,2023,61,57,56,59,65,59,61,57,61,59,60,54,352
FCFCQP,2023,67,59,57,63,63,64,60,58,70,65,62,61,352
GKRP7Q,2023,62,62,57,64,69,60,65,62,67,61,66,57,352
XA9XJC,2023,66,56,53,63,59,61,59,55,61,57,59,54,352
T9QFQH,2023,68,68,64,67,70,63,68,64,65,62,70,61,352
HBB8DR,2023,68,61,65,63,63,61,56,57,66,62,62,64,352
UYZ8BS,2023,60,72,56,61,62,57,60,59,58,59,63,57,352
XESY8Q,2023,63,58,53,65,63,64,67,65,58,60,62,53,352
APGRVM,2023,61,58,59,63,59,58,56,58,72,62,58,69,352
B9HEQT,2023,65,56,52,58,55,58,58,56,55,55,57,53,352
DYGH83,2023,67,62,55,61,60,61,60,55,63,60,60,59,352
CDLSBW,2023,68,62,56,63,62,59,59,55,60,60,61,57,352
DLKFDW,2023,70,58,57,61,59,59,58,53,66,58,58,57,352
AB799P,2023,58,58,54,56,56,55,59,53,57,54,55,61,352
8AELJD,2023,64,62,61,61,60,60,57,58,65,64,60,65,352
NYFP8X,2023,66,58,57,63,61,61,57,55,71,65,58,56,352
ZHRVJN,2023,64,62,56,62,64,67,68,58,65,60,66,60,352
7DJRFK,2023,63,58,56,58,56,58,58,56,66,57,59,55,352
8XKXXS,2023,69,59,59,65,63,67,60,60,73,67,62,60,352
WHFWTD,2023,69,59,60,65,62,62,58,57,74,66,59,60,352
MPL3HC,2023,63,64,54,61,60,59,58,55,59,56,61,57,352
JNK8BS,2023,66,58,54,61,58,58,57,56,58,57,58,55,352
M9KGHF,2023,58,57,52,61,57,57,58,55,62,53,58,57,352
CEVGDA,2023,61,58,57,58,58,59,54,53,57,57,59,59,352
TPUL8T,2023,65,57,57,61,59,58,55,57,69,64,61,58,352
7JMAPT,2023,64,56,57,60,59,60,56,55,66,62,60,60,352
WXTCCT,2023,60,59,51,59,56,55,59,56,58,55,61,53,352
MXCKWK,2023,61,59,60,60,56,57,59,62,58,61,60,56,352
YWWMBR,2023,61,56,54,64,61,60,60,60,71,63,60,57,352
NZAEYY,2023,68,63,60,61,67,61,65,58,65,61,63,59,352
B9VSYB,2023,65,55,53,57,54,56,57,58,58,55,59,54,352
AHEXJF,2023,56,52,52,58,57,54,56,52,55,54,56,53,352
8PESUM,2023,63,57,58,63,61,59,60,59,61,62,63,60,352
VFQUPG,2023,65,59,57,65,65,62,66,60,65,59,63,57,352
WLP38V,2023,62,58,55,63,60,62,63,59,62,57,59,56,352
NGJXFG,2023,62,58,56,61,60,60,57,57,70,61,61,57,352
XXLBHK,2023,61,57,56,60,61,54,55,56,61,56,55,56,352
JYETVA,2023,62,56,57,65,58,61,59,56,60,57,61,56,352
YAQ3GX,2023,71,64,58,63,61,61,63,60,65,63,62,62,352
U7VFQF,2023,62,57,60,60,60,59,55,54,60,61,58,63,352
LUALXW,2023,65,60,59,61,61,62,60,58,61,57,59,57,352
J7RHCH,2023,64,63,55,62,61,60,61,56,60,57,62,57,352
DEA9PW,2023,67,61,67,67,63,61,59,62,61,59,66,59,352
YMWBGJ,2023,60,58,56,64,62,61,58,58,63,60,59,61,352
QLZUQ8,2023,61,63,54,58,61,60,61,56,63,57,65,55,352
QF9FYU,2023,60,57,51,60,52,60,57,56,55,57,56,53,352
7NXV7C,2023,66,59,57,63,59,59,57,56,64,60,57,60,352
FX39FV,2023,56,58,51,58,57,62,64,55,60,55,57,55,352
LVGFDA,2023,64,57,56,56,58,59,60,56,59,57,61,56,352
BXZXAN,2023,62,58,52,66,67,61,65,61,64,59,65,56,352
U7D9AQ,2023,63,61,59,68,59,61,62,60,65,62,65,56,352
YLXCSK,2023,63,58,61,61,63,59,57,56,72,63,59,61,352
SYJME3,2023,65,64,58,57,57,58,58,54,65,57,58,60,352
NG9MZM,2023,58,60,57,53,53,53,52,51,60,54,57,56,352
MRBPG7,2023,68,58,59,64,60,57,57,59,69,63,62,58,352
YJ3NQU,2023,67,59,61,69,64,62,58,58,69,62,62,60,352
E9EXSJ,2023,63,61,56,60,59,61,60,57,66,58,60,60,352
HRJLTD,2023,60,55,57,60,58,62,55,59,67,59,61,57,352
XXEP79,2023,58,57,52,62,59,66,66,58,58,53,59,55,352
KYY7UQ,2023,65,65,53,58,56,59,59,55,63,57,59,58,352
C3CYHE,2023,58,64,55,64,62,58,61,58,62,57,60,54,352
MBPYNH,2023,64,60,56,59,62,62,64,57,66,59,60,59,352
X39N8N,2023,68,59,60,62,65,60,59,57,74,63,59,60,352
GUQJMY,2023,62,58,59,61,60,58,59,62,65,62,60,60,352
SYBSLM,2023,66,64,59,61,60,60,59,57,64,60,64,63,352
HXNQDM,2023,67,66,61,62,64,60,63,59,62,59,63,59,352
YKBVZ9,2023,63,58,55,61,60,60,57,57,71,61,61,57,352
8FPWKS,2023,59,60,61,56,57,56,58,53,58,58,58,56,352
8FRDHP,2023,64,60,54,61,60,56,59,60,70,64,63,60,352
GKHNRQ,2023,57,50,57,53,54,53,50,56,59,55,54,53,352
TXHYET,2023,64,59,59,65,67,61,60,62,71,67,66,59,352
GUHJYR,2023,63,65,57,59,59,60,66,59,59,60,58,56,352
K7TDAB,2023,61,57,56,58,59,55,56,54,62,58,60,56,352
UKKRLP,2023,63,66,59,59,60,56,59,55,61,58,60,56,352
XGTJKH,2023,64,58,57,62,63,60,59,58,71,64,60,58,352
7PGFJM,2023,66,67,53,60,63,64,64,57,64,57,65,56,352
GJ7QUJ,2023,64,58,57,62,63,60,59,58,71,64,60,58,352
KCMBBY,2023,66,61,62,65,63,61,58,61,72,64,61,62,352
HRZDUV,2023,65,60,58,60,63,60,58,55,70,60,61,56,352
ZHVR7V,2023,58,54,56,57,57,62,56,55,59,55,60,55,352
JSGKMQ,2023,64,56,56,61,63,57,57,58,58,55,59,54,352
3CGMNF,2023,69,61,58,64,62,63,62,59,66,60,60,61,352
DWWBQE,2023,60,62,55,64,62,69,68,59,65,58,60,55,352
EAL7CK,2023,59,63,57,62,58,61,69,62,58,57,61,54,352
ND3AZB,2023,65,60,51,60,57,60,64,56,59,57,58,57,352
QKUKKZ,2023,62,56,53,62,62,59,59,57,60,60,59,53,352
QCKR3X,2023,64,58,57,62,63,60,59,58,71,64,60,58,352
FUYMRX,2023,62,57,55,60,59,60,57,57,70,61,61,57,352
E3YGW8,2023,62,58,57,64,61,61,58,57,63,61,61,63,352
ZKFJVC,2023,65,58,56,69,62,62,59,58,67,61,63,59,352
ACJYYA,2023,57,53,52,57,55,61,58,59,57,56,55,54,352
PUMCVN,2023,61,57,60,59,56,59,54,57,61,59,58,57,352
TU7FUJ,2023,63,56,61,59,60,56,55,56,65,56,59,59,352
YNM8TC,2023,62,56,55,62,61,59,58,60,70,64,60,61,352
EUP3W9,2023,68,61,57,66,63,70,67,63,62,57,60,58,352
PXWCTN,2023,62,57,56,59,57,60,55,55,57,59,60,56,352
QNVLCD,2023,65,58,57,62,63,60,59,58,71,63,60,58,352
K9D99D,2023,64,58,57,62,63,60,59,58,71,63,60,58,352
WWK9DU,2023,64,55,55,69,60,59,59,60,64,59,58,55,352
TBGRFD,2023,65,55,54,56,52,59,56,51,58,54,57,56,352
LFHFK8,2023,58,59,55,57,52,58,56,51,59,53,54,59,352
LSUHCF,2023,64,59,57,66,64,62,62,62,70,66,67,58,352
FT8X3S,2023,59,68,55,58,61,57,65,56,58,54,62,55,352
UZKQDV,2023,61,55,53,59,58,56,56,56,71,59,57,57,352
L8XSYB,2023,63,58,61,60,63,60,57,57,74,63,60,59,352
CNJUVM,2023,65,58,57,66,70,63,60,58,67,61,64,57,352
LLXQQN,2023,67,60,61,59,60,60,61,59,62,59,61,59,352
HDB7UP,2023,65,58,57,62,63,60,59,58,71,63,60,58,352
FBARFX,2023,63,56,62,60,60,56,58,60,66,60,60,58,352
CHRQGG,2023,61,66,60,64,67,64,68,61,62,62,61,56,352
CC3LAH,2023,63,56,58,62,57,56,55,61,69,61,61,59,352
TALENU,2023,63,59,56,58,56,55,56,55,58,54,62,56,352
GAVHLF,2023,64,70,58,65,61,63,66,60,59,58,63,58,352
PBN3L7,2023,63,64,56,61,60,58,61,54,64,58,60,57,352
NHRACC,2023,60,59,59,56,56,53,58,56,67,55,59,56,352
SGDX3Z,2023,61,55,55,60,59,59,56,55,64,60,59,56,352
PBEU7M,2023,63,58,60,60,58,59,59,58,60,58,60,58,352
3MBNCY,2023,65,73,61,60,64,60,64,58,60,57,66,57,352
WMYFZE,2023,61,63,56,62,59,62,57,60,59,56,59,59,352
QSVBSK,2023,69,56,57,64,59,61,56,58,70,65,58,57,352
9TKAJT,2023,58,62,59,57,59,57,58,56,62,54,59,58,352
UDVLDE,2023,59,55,60,56,59,59,54,53,60,62,56,59,352
MNW8TG,2023,67,57,60,63,62,62,62,56,63,63,61,58,352
SQCCYZ,2023,64,65,56,62,67,58,66,60,61,57,64,55,352
TWEA3T,2023,60,61,56,60,59,56,59,56,61,55,59,57,352
FM3S7U,2023,60,56,61,56,59,58,54,52,59,61,56,60,352
DAL9KC,2023,67,63,62,63,65,58,57,59,78,66,62,65,352
7VMFMQ,2023,64,59,56,68,63,63,64,61,61,60,63,56,352
BPTJJ8,2023,58,57,58,61,66,60,63,65,61,61,62,58,352
GCT8EF,2023,68,56,60,65,60,60,55,55,67,59,61,60,352
RNKY8Q,2023,59,54,59,58,61,57,54,55,62,59,59,56,352
HSKKSZ,2023,58,54,55,65,60,64,61,56,67,61,61,57,352
JXS9SZ,2023,62,59,56,64,58,60,59,61,59,61,61,57,352
DDEQVS,2023,62,56,55,65,61,71,59,59,62,59,63,55,352
AGUAMD,2023,66,59,56,66,61,61,59,61,72,62,62,60,352
NZTMCX,2023,66,59,58,67,63,61,57,60,71,62,61,60,352
9VFVHQ,2023,61,61,57,59,67,57,60,57,59,56,60,54,352
WDCGBQ,2023,61,58,55,61,65,61,63,60,56,56,61,56,352
CFGUDC,2023,64,59,57,62,63,59,57,55,72,63,60,65,352
9RW7HA,2023,57,57,58,55,58,54,58,56,58,60,56,56,352
NW7RXR,2023,64,60,56,61,63,61,60,59,69,61,59,58,352
RLMJHE,2023,62,57,53,60,58,57,54,55,68,63,59,64,352
L7FY8F,2023,61,57,57,63,60,62,56,60,72,68,61,62,352
BCW9EX,2023,62,60,61,63,74,59,64,62,62,58,67,55,352
NCHMCB,2023,69,60,54,62,58,60,61,59,61,60,64,57,352
W8NLAC,2023,59,59,58,66,62,59,60,58,66,56,64,56,352
QMR7Q7,2023,69,57,60,59,61,58,57,55,60,63,57,58,352
EVYR3G,2023,65,61,53,58,57,55,57,57,58,57,61,58,352
CNLZWZ,2023,65,64,59,57,72,59,66,59,60,58,63,56,352
YZDLJ8,2023,65,61,56,70,63,67,61,61,64,61,63,59,352
KW3ELG,2023,63,60,53,63,68,64,66,62,62,57,63,55,352
MLFUV3,2023,64,58,56,56,57,56,55,56,63,54,60,57,352
SGLPKC,2023,61,58,54,60,60,68,60,58,70,61,60,58,352
Z3GYBW,2023,61,66,57,62,63,61,60,60,62,56,61,57,352
EFYC8R,2023,69,60,58,67,70,64,63,63,64,61,65,57,352
E79MB3,2023,66,63,58,58,63,59,62,56,60,59,61,56,352
AHXQMN,2023,62,57,52,58,57,56,59,56,63,55,60,53,352
SBSR93,2023,64,56,57,60,61,60,55,58,70,62,59,59,352
8KLBUN,2023,59,65,55,54,56,58,56,51,62,55,58,60,352
QNMDNM,2023,68,62,61,64,70,65,62,58,64,61,65,61,352
JMFFMN,2023,61,60,58,58,60,55,56,55,64,59,57,59,352
DSRWLL,2023,63,58,54,60,62,56,57,53,59,56,62,55,352
3S8BVT,2023,62,56,58,59,59,56,55,57,71,61,59,57,352
9BMN3R,2023,62,59,61,65,63,58,55,58,66,57,62,56,352
8FL7D7,2023,54,57,59,59,59,58,62,57,59,56,58,53,352
XJPTU3,2023,61,68,54,60,59,55,60,56,59,54,63,54,352
GHLTBH,2023,65,56,55,68,56,63,60,60,63,59,62,57,352
RL8PFP,2023,63,60,53,60,57,60,61,59,60,56,59,54,352
GNXGDH,2023,59,59,65,58,64,57,60,56,58,55,60,54,352
X7TDPK,2023,58,57,56,64,70,62,62,59,61,56,61,52,352
Y7Y8UU,2023,67,61,60,67,62,62,59,61,70,68,64,64,352
DDZYDA,2023,62,66,57,63,71,64,64,62,61,59,62,55,352
AWCXJK,2023,65,60,60,67,64,63,61,63,64,61,64,60,352
7VMYAY,2023,62,62,60,59,66,56,60,55,64,56,63,58,352
Y9ZEKH,2023,68,64,60,66,70,64,68,61,64,61,65,58,352
NDFZTH,2023,64,61,55,64,63,62,62,57,70,60,60,58,352
SCCF9K,2023,63,57,55,58,59,57,60,58,63,61,59,58,352
XC7UAD,2023,66,59,59,62,65,61,60,58,66,63,61,59,352
NK3AGP,2023,62,58,56,59,54,56,58,53,60,61,57,67,352
HFU9VA,2023,67,62,56,70,73,62,67,63,63,62,65,56,352
9LYBEC,2023,64,58,56,68,62,64,62,62,62,59,64,55,352
GYSF79,2023,64,60,60,65,64,57,59,62,69,63,64,58,352
NJPZFR,2023,65,59,58,62,63,61,59,57,59,55,63,56,352
Q3UUYJ,2023,63,62,55,63,62,64,69,62,58,57,62,55,352
7YBUBF,2023,65,70,57,63,68,61,64,56,62,58,67,57,352
QYNZL9,2023,68,61,61,67,65,61,60,62,75,66,63,62,352
QSTFG8,2023,61,56,59,55,55,54,55,54,57,57,59,57,352
AB7PV7,2023,64,59,58,68,65,64,62,58,63,59,63,58,352
LFWCZZ,2023,58,58,56,60,58,57,58,60,64,61,60,61,352
TUGLJP,2023,65,59,57,65,68,59,61,58,67,60,62,57,352
PBTRQ7,2023,61,56,59,59,62,55,61,61,62,60,59,58,352
3QSNJ9,2023,65,64,55,61,62,58,59,59,60,58,65,58,352
PKW3QE,2023,68,54,58,64,61,61,57,57,66,61,61,58,352
8BXN8S,2023,63,63,53,62,65,64,67,64,59,58,62,55,352
V3YWCF,2023,66,64,59,65,60,60,60,57,66,59,61,58,352
7CZELB,2023,67,59,60,68,63,68,59,61,75,65,61,63,352
UELZJH,2023,68,61,59,62,62,62,60,58,70,64,64,60,352
RSMWRF,2023,65,59,56,64,70,62,62,60,63,63,64,58,352
TTB8TR,2023,61,60,59,59,62,61,60,57,60,55,61,58,352
YGERZZ,2023,67,59,58,65,68,61,60,57,64,58,61,57,352
YAGKY8,2023,60,71,56,63,63,59,62,58,58,59,62,57,352
BHMDWZ,2023,62,66,59,62,63,59,64,58,62,56,61,57,352
CF7XLE,2023,55,56,55,59,52,54,54,54,58,53,55,55,352
PCCGNZ,2023,62,57,49,60,55,59,59,55,59,55,56,53,352
KZZWTS,2023,65,62,56,60,61,60,62,55,61,61,61,56,352
EFCLJK,2023,58,70,57,65,64,61,66,62,64,59,64,57,352
FCXLBD,2023,68,64,55,64,61,58,58,56,61,56,60,57,352
ASZXGR,2023,59,58,59,57,56,60,59,54,58,56,59,56,352
XUESF8,2023,63,57,59,61,61,59,58,55,60,57,58,58,352
PRQSGE,2023,60,67,59,59,62,56,65,62,59,56,61,57,352
VCUYP8,2023,65,59,58,63,61,61,57,60,74,64,64,62,352
KUHLLR,2023,68,62,66,66,65,77,63,60,65,60,61,61,352
LHRZQN,2023,60,59,57,64,65,61,64,65,59,59,68,55,352
8GP8NC,2023,55,50,52,53,54,58,53,53,59,59,57,55,352
8ZPQZT,2023,65,59,58,63,62,61,60,57,67,59,60,59,352
SJ9SYU,2023,63,59,56,57,57,56,57,55,59,55,62,56,352
HEMKVT,2023,68,62,60,65,71,63,65,62,67,62,64,58,352
XESUJG,2023,65,58,65,66,63,56,57,62,73,69,64,62,352
NVP7SV,2023,63,58,59,62,67,64,59,57,61,61,62,57,352
EVF7UB,2023,60,61,57,58,60,57,58,56,58,54,61,56,352
FHMWYE,2023,63,68,56,63,67,63,65,61,62,58,67,58,352
NKPZHR,2023,67,59,59,68,65,64,61,59,71,62,65,60,352
VDSBVW,2024,62,58,56,64,66,65,62,57,61,55,61,56,331
CKL3PC,2024,61,60,63,61,60,64,61,59,60,63,60,60,331
TPZ39S,2024,67,60,57,70,68,64,63,59,73,63,64,58,331
ZKSLMP,2024,69,64,58,68,64,69,61,59,65,59,60,58,331
CXR7CA,2024,65,62,60,62,65,60,64,62,59,58,63,62,331
JRCZ3Y,2024,64,58,61,65,61,61,57,60,68,64,60,60,331
VKSHDK,2024,67,64,57,63,61,58,55,54,64,58,59,58,331
XXYA98,2024,61,57,57,62,63,60,56,57,74,63,62,59,331
WZCDFT,2024,64,57,56,59,59,58,57,57,69,62,60,57,331
XGQPGA,2024,63,56,59,65,60,58,57,55,61,58,58,55,331
DZJLHY,2024,59,54,57,65,56,61,52,59,63,62,59,59,331
SBASPY,2024,55,54,53,56,54,59,58,51,55,52,57,53,331
HVUX9F,2024,62,58,61,59,57,55,55,56,61,59,58,56,331
J9WRVS,2024,64,60,57,66,58,60,58,60,62,59,60,57,331
778KP9,2024,59,57,56,57,57,56,56,54,66,58,58,56,331
RWBFJR,2024,64,59,55,62,58,61,62,58,60,60,60,60,331
TWWAWV,2024,66,73,61,62,64,61,62,58,61,56,64,60,331
VESN7N,2024,63,65,52,59,63,61,66,58,59,57,66,55,331
NYMPBQ,2024,61,56,52,62,60,64,60,58,58,56,58,54,331
MAPBJD,2024,69,59,60,67,60,63,56,59,69,63,61,62,331
F9Q8FJ,2024,66,57,55,63,61,61,61,57,68,63,61,57,331
VLABXY,2024,64,75,59,66,66,66,70,62,62,61,67,61,331
P3HXPF,2024,67,62,62,66,68,66,60,60,71,69,62,66,331
ZTEXGN,2024,71,66,57,62,61,62,63,59,62,61,63,57,331
XPMEGT,2024,66,61,59,69,62,63,57,60,71,63,64,60,331
PLGNJV,2024,63,61,60,59,67,58,63,58,62,58,62,58,331
YANWW7,2024,67,59,54,64,59,61,63,61,59,57,62,55,331
8KZXWT,2024,64,58,59,61,62,60,57,58,65,61,58,60,331
CKQC9P,2024,66,61,61,66,70,61,62,62,71,63,65,60,331
BLBXLX,2024,61,57,56,61,59,57,60,57,58,56,58,56,331
DJYCNV,2024,67,60,56,63,64,65,67,61,61,57,61,56,331
8ME9JC,2024,66,61,57,61,59,61,62,60,58,57,63,56,331
XWNSSJ,2024,60,65,57,59,60,54,56,55,57,54,60,55,331
WWJSLQ,2024,61,59,57,59,67,59,60,60,57,61,65,56,331
FWAMPP,2024,66,61,57,62,65,59,63,59,59,59,62,59,331
DEDKNZ,2024,64,60,60,66,61,59,57,62,64,67,69,57,331
U8XZ9H,2024,65,60,61,62,63,60,57,59,70,65,57,68,331
B8ZYSH,2024,64,58,56,64,61,61,63,60,60,57,62,53,331
E9HEN7,2024,67,62,62,68,68,66,60,61,74,67,62,65,331
WWZ3EX,2024,63,61,63,68,66,60,61,64,68,66,65,59,331
YJ8LQJ,2024,61,57,55,56,56,57,57,56,69,58,59,56,331
ZHJYGE,2024,68,60,56,67,60,62,61,61,68,62,62,58,331
LYBKWF,2024,62,57,54,66,61,61,58,58,60,58,61,57,331
PDFEGE,2024,57,53,53,55,57,55,55,54,62,57,54,57,331
XYJXLL,2024,64,68,57,59,63,58,62,56,61,56,67,56,331
DNQDD9,2024,63,64,56,62,68,61,62,61,63,58,64,60,331
CMRKZH,2024,66,66,58,59,61,58,61,54,61,57,61,58,331
SV8LGM,2024,64,60,53,69,70,65,61,59,62,59,64,55,331
3DPDRW,2024,69,62,58,66,61,56,55,59,67,61,62,58,331
BZKVMC,2024,64,58,53,57,61,58,60,55,58,57,58,55,331
9BRMLL,2024,65,57,59,65,61,57,58,61,65,62,58,60,331
YTXJ9G,2024,66,56,54,64,59,73,63,57,62,58,60,56,331
WLZKP9,2024,62,57,57,59,58,58,59,57,64,61,59,60,331
GWZSER,2024,66,60,64,61,65,60,61,59,75,65,62,61,331
SEKDPL,2024,66,61,59,64,63,59,64,61,63,55,65,59,331
LRBFCW,2024,63,58,54,65,58,58,57,56,61,58,58,58,331
M8NJB8,2024,63,59,55,59,66,60,60,59,59,57,63,54,331
UZ7UJB,2024,61,57,56,59,58,59,54,54,56,59,59,57,331
TVJH97,2024,59,55,60,57,58,58,53,53,59,61,56,58,331
AVPXW9,2024,65,56,55,63,61,64,59,57,63,59,58,55,331
SBU73P,2024,57,54,54,54,54,56,53,51,57,56,56,55,331
GKRKHS,2024,62,60,53,67,61,62,62,61,63,62,61,58,331
EYL3LK,2024,60,59,56,65,61,62,61,59,70,68,64,62,331
K3KRUX,2024,69,59,56,67,61,67,62,61,66,62,61,60,331
Z3TTNS,2024,64,60,57,57,55,58,55,54,58,57,56,60,331
RMUVCL,2024,63,55,56,62,57,59,55,58,73,63,58,55,331
JKVYZA,2024,58,55,59,57,58,58,53,53,59,62,56,57,331
W37FT8,2024,62,66,55,60,61,58,62,58,60,55,60,56,331
7RACAB,2024,66,62,63,61,62,62,59,61,59,61,61,56,331
UZGEK7,2024,55,54,55,57,56,58,55,58,58,59,55,54,331
JQWQCS,2024,64,58,58,63,60,62,56,55,70,63,57,57,331
3YEB7Y,2024,64,58,53,62,58,65,62,55,62,60,61,57,331
RMPCTJ,2024,59,56,59,60,59,58,56,57,65,63,58,58,331
XWKCBM,2024,68,63,57,63,62,63,59,61,61,57,62,58,331
7PU7KD,2024,63,58,55,62,63,65,60,57,62,57,61,57,331
QFRZMN,2024,62,60,56,61,58,59,55,56,63,56,58,61,331
KHKQTP,2024,65,58,61,62,60,62,57,56,62,60,58,60,331
UBNFWK,2024,68,59,56,66,64,62,62,58,72,63,63,58,331
8WNBFB,2024,62,60,53,64,57,60,60,59,62,57,60,57,331
VMRPXE,2024,66,68,55,62,62,61,66,55,63,57,63,56,331
GJE8WW,2024,61,52,55,57,57,55,54,53,62,59,57,62,331
ALQXVU,2024,60,60,55,65,62,61,60,64,65,66,66,56,331
A79S3H,2024,63,57,55,61,61,58,59,58,73,63,62,56,331
C8GA8N,2024,59,55,54,56,55,57,55,51,59,61,54,57,331
QPPCZJ,2024,63,56,65,63,63,59,60,59,69,63,60,60,331
7SGU3D,2024,66,61,59,61,67,61,63,59,60,56,62,55,331
G3TK8K,2024,62,58,55,67,60,59,59,59,68,58,59,57,331
JFUU3W,2024,59,58,56,64,62,59,61,63,69,65,69,58,331
SDLNEV,2024,65,57,70,64,64,60,58,59,70,61,59,62,331
XNHKQK,2024,62,68,57,60,62,58,61,56,57,56,63,55,331
RKKHQE,2024,64,60,59,64,62,66,59,60,70,62,59,62,331
GZVFYK,2024,61,60,55,58,58,57,57,58,62,60,61,57,331
P8HW3Z,2024,53,50,54,54,55,53,52,51,60,57,54,54,331
7H8Q8E,2024,61,65,57,62,59,70,60,57,61,59,59,59,331
998F3C,2024,66,69,59,63,61,59,61,57,65,60,61,56,331
RR9NV8,2024,61,54,54,59,58,56,56,55,64,60,58,61,331
DWMXGB,2024,61,68,58,59,65,57,64,56,60,61,63,56,331
ZAJQLR,2024,62,56,54,62,61,61,60,58,69,61,59,59,331
XZ8L9M,2024,69,64,56,65,65,64,62,60,61,62,61,60,331
9EL3VE,2024,58,55,54,51,53,57,52,49,54,53,54,58,331
PXSA79,2024,59,58,63,60,60,59,63,56,57,54,57,54,331
D3JGAA,2024,65,61,59,69,64,64,65,68,64,60,67,60,331
WDWJBB,2024,62,76,57,60,62,58,64,58,60,60,63,58,331
WARCVC,2024,64,60,52,66,61,65,64,58,65,57,60,57,331
R8QDLH,2024,65,60,56,60,65,59,67,57,59,60,59,56,331
3XZS7K,2024,66,60,56,63,63,60,62,59,64,59,63,58,331
RATQPH,2024,63,58,57,60,58,59,58,56,59,58,57,54,331
BJBUTJ,2024,68,59,57,66,63,62,59,58,72,61,60,60,331
8Z3M79,2024,72,63,60,69,65,64,62,63,71,63,65,61,331
JCWPG7,2024,63,66,57,58,56,56,58,57,60,58,60,57,331
YMDAYA,2024,64,61,58,62,60,61,60,58,70,64,61,62,331
ZSYHPZ,2024,66,62,54,62,61,61,59,58,62,58,63,57,331
ZKLYAZ,2024,59,55,53,57,55,59,55,51,61,53,55,56,331
EETJVC,2024,63,67,63,60,68,60,64,61,62,58,64,57,331
AVEK97,2024,62,56,56,60,63,59,59,56,68,64,59,56,331
SDR77M,2024,62,55,58,64,63,60,58,56,68,60,60,56,331
MCZSPW,2024,62,64,60,61,62,59,57,55,63,57,63,61,331
ZG9DXX,2024,70,63,61,69,68,66,61,61,72,67,63,65,331
DXAPTQ,2024,61,59,61,61,62,59,60,56,61,58,61,58,331
ZKCLVD,2024,62,57,52,64,59,69,62,58,61,59,60,57,331
ECFELP,2024,61,65,54,57,58,55,59,53,55,55,60,51,331
3TLFEF,2024,65,57,55,64,64,65,58,57,73,64,61,58,331
GU33UN,2024,62,56,58,58,59,57,55,55,67,60,59,60,331
CW7XBJ,2024,64,60,55,63,61,62,58,57,68,66,64,62,331
TRHD9K,2024,62,55,59,63,59,58,56,58,70,59,59,58,331
JYYUX3,2024,61,60,57,64,66,65,65,61,60,57,63,56,331
M9V7JY,2024,55,54,51,56,57,55,55,56,58,60,58,56,331
VHMJET,2024,65,69,60,73,61,63,59,61,63,59,62,61,331
SVGSUX,2024,61,59,56,65,59,64,63,62,65,58,62,57,331
MFCMZV,2024,58,67,59,63,61,57,63,61,59,57,67,55,331
39XRRP,2024,61,58,58,60,67,59,60,59,60,59,62,54,331
8YHA7P,2024,59,54,59,58,61,57,54,56,62,59,60,56,331
YPWVLC,2024,69,58,57,63,61,64,59,55,66,61,59,56,331
MJF7BB,2024,63,57,55,59,55,61,60,54,64,59,56,56,331
LKQKGK,2024,67,59,62,64,63,60,61,62,67,62,61,59,331
H8RWLB,2024,66,75,58,62,64,60,63,58,64,61,65,58,331
RBYJCA,2024,64,56,58,59,61,59,57,56,60,58,57,54,331
GD8G93,2024,67,60,54,63,66,62,63,61,60,58,64,58,331
QUGDAQ,2024,59,62,55,55,53,56,52,54,55,60,56,57,331
JKGL77,2024,65,60,60,60,60,59,59,55,64,58,58,57,331
AYVKUT,2024,63,57,58,59,58,58,55,55,61,57,56,60,331
CSNWQA,2024,64,56,59,59,61,58,57,56,60,57,57,54,331
KS3P9P,2024,74,60,57,63,65,65,61,59,64,61,61,59,331
8S9EUQ,2024,68,62,60,63,66,59,60,57,75,66,63,59,331
D9LWLJ,2024,67,61,66,69,68,60,60,66,74,63,66,61,331
FS8K98,2024,63,58,57,57,58,56,57,55,64,57,57,54,331
CVHCZN,2024,74,60,57,63,65,65,61,59,64,61,61,59,331
A87HM3,2024,63,69,57,61,65,57,64,57,59,57,71,55,331
ZHBEBH,2024,66,54,61,62,61,58,56,56,67,61,59,59,331
QTZ9X9,2024,65,63,60,59,68,57,61,59,59,56,65,58,331
M3ZB8X,2024,69,62,58,71,65,67,65,61,67,61,60,61,331
Z38QNT,2024,63,69,60,59,65,56,65,56,59,57,65,57,331
C8FXDZ,2024,62,60,57,64,64,65,62,59,72,64,63,59,331
RZFZRV,2024,63,59,57,57,58,56,57,55,64,57,58,54,331
73A3SP,2024,64,58,55,64,61,60,58,58,63,61,57,59,331
AEJHAC,2024,65,60,57,58,64,61,63,56,61,59,61,56,331
KZ9VBD,2024,66,57,58,62,63,61,57,58,70,63,62,58,331
EUKNHT,2024,62,57,60,61,60,58,56,60,65,60,58,57,331
BBSCAH,2024,67,68,59,63,67,60,62,62,61,56,63,59,331
RSHTM3,2024,66,59,58,66,61,59,56,62,71,62,65,60,331
8SPSBG,2024,60,59,54,59,68,57,61,60,60,54,63,52,331
H7DTXT,2024,61,55,57,61,55,55,53,60,64,56,59,55,331
MWP3A7,2024,69,57,56,64,67,59,58,60,67,60,63,59,331
93XRJG,2024,66,61,54,62,56,59,56,58,59,58,61,60,331
8BK7LZ,2024,65,55,53,63,57,65,59,55,62,62,57,55,331
UZCTZG,2024,68,60,58,62,62,61,61,55,61,57,60,57,331
MQAPWT,2024,62,55,56,56,56,56,56,54,61,57,55,56,331
LYXTSK,2024,59,54,56,61,54,58,51,57,61,60,57,60,331
MTMPMU,2024,61,57,58,62,61,59,59,56,62,61,62,58,331
URUWNK,2024,62,56,60,58,58,60,55,55,59,59,57,65,331
GRAW9Y,2024,68,57,56,65,63,63,61,54,61,60,61,58,331
P7UGTQ,2024,69,58,60,65,61,60,57,54,67,58,58,58,331
CLADQ8,2024,64,60,59,64,61,60,56,59,68,61,62,65,331
THKH7J,2024,66,58,56,64,63,64,59,57,66,59,61,58,331
CVK3MG,2024,63,55,56,56,56,57,58,55,60,58,54,56,331
JGGJML,2024,59,65,54,59,56,57,60,52,57,57,59,54,331
QEAQSX,2024,64,65,58,67,60,63,62,62,58,58,62,60,331
8XQ89E,2024,66,55,57,67,60,64,58,59,64,61,61,57,331
RWAGKY,2024,53,52,53,51,57,55,53,52,59,56,57,54,331
YW9VSM,2024,61,68,58,59,63,56,60,56,67,61,61,56,331
3PAV7G,2024,61,67,56,63,59,57,62,55,61,52,60,56,331
JEZQZS,2024,57,54,54,60,55,57,51,56,67,57,57,58,331
N7J33A,2024,67,60,56,70,74,68,67,63,66,63,66,56,331
DMXX9J,2024,63,60,63,62,72,61,63,62,62,59,63,57,331
QQGLS8,2024,64,65,63,70,64,67,64,63,66,61,64,66,331
BGZ3BA,2024,63,60,72,59,70,58,62,59,60,57,64,57,331
HVSA3R,2024,64,56,57,70,60,65,61,62,62,61,62,57,331
Q8PJUR,2024,60,55,52,58,58,59,61,58,63,57,56,55,331
37B7XF,2024,69,66,56,63,61,63,61,57,62,61,63,59,331
WRNS7H,2024,71,59,60,65,64,61,57,59,67,62,63,61,331
3QHYHG,2024,62,67,57,63,60,62,63,60,62,59,64,59,331
ZRAVKE,2024,59,55,54,62,55,57,55,56,59,54,57,50,331
RNJ8QP,2024,62,60,61,66,60,58,61,61,63,58,63,56,331
TUYHDD,2024,60,54,58,60,62,58,55,55,58,57,58,53,331
P7HVHA,2024,65,59,57,62,64,63,67,59,63,57,61,57,331
STKHQB,2024,62,61,62,63,64,59,59,60,67,58,64,61,331
E9LDSP,2024,61,56,54,59,59,60,59,57,68,62,61,57,331
YP3TSV,2024,59,58,57,57,59,59,58,56,58,54,56,61,331
8TLP3D,2024,63,59,56,67,61,61,59,59,65,60,58,57,331
TU79YT,2024,59,62,59,62,61,59,59,57,60,56,62,62,331
CLJTZQ,2024,64,62,59,65,65,65,66,60,61,61,62,64,331
HCG7VD,2024,58,54,56,53,60,53,54,52,58,56,59,55,331
KCXSJZ,2024,60,56,56,60,62,58,57,59,70,67,60,57,331
P9HAZQ,2024,65,61,59,64,60,57,65,58,59,57,58,57,331
LZY3FD,2024,61,57,58,61,64,58,62,60,61,57,64,54,331
8V97LZ,2024,65,62,60,62,60,59,55,57,69,65,60,70,331
7ELBBZ,2024,69,60,57,62,60,60,60,58,63,61,60,58,331
PCFWNS,2024,65,58,62,69,61,61,56,65,72,63,60,59,331
PVAHAS,2024,67,59,57,63,63,59,59,56,65,59,59,59,331
BELNF7,2024,60,58,57,54,57,57,57,51,60,54,56,59,331
RWDBXV,2024,66,60,58,59,70,62,61,59,59,59,62,57,331
C9SJVV,2024,60,57,58,59,61,55,56,58,69,62,60,64,331
RYLDAW,2024,66,75,58,58,65,54,62,59,60,58,68,55,331
AURXN9,2024,65,71,61,60,64,62,64,58,63,61,63,58,331
PFULPB,2024,63,55,55,60,56,61,58,57,64,64,59,58,331
9F7ZN7,2024,60,59,59,61,57,58,55,57,57,53,59,61,331
JHJ3PM,2024,61,61,55,63,59,63,63,58,61,55,58,56,331
Y87MVX,2024,63,60,54,63,63,59,62,57,70,63,61,58,331
UVFGNR,2024,63,62,57,61,56,59,58,57,61,56,59,58,331
XZSQEX,2024,61,66,53,59,57,56,62,59,56,55,64,54,331
XU8KYK,2024,63,58,56,64,60,63,59,60,62,57,59,59,331
WTYK3C,2024,63,65,62,59,58,57,56,58,61,60,60,61,331
CUUSPZ,2024,60,58,55,61,57,59,62,56,61,56,57,50,331
XVGEQG,2024,66,68,60,58,58,60,60,55,62,59,61,59,331
HDWC87,2024,63,69,59,58,58,57,59,57,59,57,61,55,331
XZ98GN,2024,64,69,60,62,66,58,62,60,65,61,65,57,331
LFMSQG,2024,63,59,55,65,60,71,66,58,71,62,61,59,331
GAX3A7,2024,62,62,58,63,62,67,63,59,64,55,61,59,331
D9LANH,2024,64,60,57,64,60,58,59,59,74,68,60,66,331
8N7NKQ,2024,65,58,54,65,64,62,62,57,68,62,59,58,331
BVUAUF,2024,65,60,53,59,58,58,62,57,60,57,57,56,331
CMFSRJ,2024,63,67,57,63,62,59,64,59,63,59,65,56,331
RGLZHX,2024,68,64,62,64,73,62,64,62,67,62,67,60,331
CNMMFX,2024,64,57,57,63,60,60,57,59,63,62,60,59,331
WB8WST,2024,63,57,59,58,59,56,55,58,66,63,62,57,331
DZSGUL,2024,67,57,60,63,60,61,56,59,65,61,58,55,331
UAFUE7,2024,63,57,56,60,61,59,58,56,70,65,60,57,331
MWHX7P,2024,63,57,55,60,56,60,52,52,56,51,58,56,331
73MANP,2024,72,64,60,69,68,63,60,62,70,67,64,59,331
JCSA9B,2024,64,58,56,64,56,61,57,56,59,56,61,57,331
PJ9QMH,2024,62,58,57,60,60,56,54,55,68,65,60,57,331
VSD9GU,2024,61,57,60,61,59,59,57,54,60,61,59,55,331
JT37PS,2024,63,62,58,63,62,57,59,58,60,57,67,54,331
CNWEC3,2024,63,55,56,58,62,57,57,55,66,61,57,57,331
RDH9NV,2024,67,62,58,64,62,64,63,60,63,61,64,58,331
WRSEKY,2024,65,62,55,61,59,60,59,55,62,59,57,57,331
LHZMBH,2024,59,56,53,60,63,61,60,58,70,63,60,55,331
UBMEXY,2024,58,61,55,60,54,58,51,54,55,54,56,55,331
WT9WRA,2024,62,55,59,60,61,57,58,57,67,59,60,56,331
F7YJ7W,2024,67,57,61,64,60,60,55,56,68,60,61,60,331
BFEWX9,2024,65,61,57,60,62,62,59,55,63,63,59,60,331
CQB3GM,2024,62,55,58,59,58,58,55,53,59,58,57,56,331
3B7AJB,2024,64,58,59,64,64,60,58,62,74,65,59,64,331
PUQTK8,2024,64,57,60,69,59,60,57,63,69,62,62,62,331
WWBFAT,2024,62,60,52,62,63,62,67,63,65,59,63,57,331
ZBKAA7,2024,62,57,60,64,61,59,58,60,68,60,63,61,331
VJ9XWJ,2024,64,61,56,67,61,61,59,61,65,62,65,61,331
PB7HSA,2024,67,57,61,64,61,61,60,60,66,63,64,58,331
ZS8JJU,2024,68,62,61,64,67,62,64,64,64,62,64,59,331
THC9HW,2024,63,58,56,58,67,57,59,60,61,58,63,54,331
DEA9MQ,2024,61,64,58,56,58,60,58,55,66,57,57,60,331
9VPWR7,2024,64,60,57,60,59,57,59,59,69,58,60,58,331
YHV7XB,2024,59,56,57,58,57,58,55,57,64,58,57,56,331
BF9U79,2024,67,56,57,56,59,57,61,54,60,56,57,54,331
QBWKS9,2024,67,58,63,63,65,63,61,59,74,66,62,64,331
HLAQ8Q,2024,59,57,56,58,58,57,56,53,66,61,59,58,331
DF3GAB,2024,59,64,55,52,54,57,56,50,59,55,57,58,331
Y3RBBW,2024,59,57,54,54,53,56,56,51,58,55,56,57,331
BZGMD9,2024,63,59,58,65,58,60,59,62,64,61,62,57,331
HLVMUR,2024,63,55,57,61,60,58,56,58,69,62,58,57,331
MR9RAQ,2024,65,60,69,62,64,58,57,60,70,62,63,63,331
ZEZGY7,2024,64,64,55,63,61,62,61,56,62,61,59,57,331
ARPRBM,2024,64,56,57,59,56,59,55,54,62,59,57,61,331
ZZ8NBQ,2024,65,65,57,63,59,59,61,62,59,59,67,64,331
YMFDUJ,2024,65,62,62,56,67,57,61,56,60,60,62,58,331
ACVPXP,2024,61,56,57,59,58,61,59,60,61,63,61,56,331
YMM8JT,2024,64,63,57,62,62,59,61,57,62,59,61,58,331
ACH9TN,2024,66,67,59,63,60,60,60,57,65,61,63,60,331
8EVDE8,2024,63,61,54,63,59,63,66,60,64,56,59,57,331
VTUSN7,2024,67,63,56,62,62,62,63,57,63,61,61,61,331
787GHR,2024,54,52,49,52,52,50,52,49,53,55,54,49,331
JLP8Q3,2024,67,59,59,63,71,64,65,61,65,63,65,59,331
TRZF8H,2024,60,53,53,60,56,61,60,55,60,56,57,55,331
A8UHGD,2024,61,60,61,59,58,57,56,60,62,57,59,59,331
7CYTNY,2024,65,60,56,63,61,62,61,58,61,56,61,56,331
VZGXSS,2024,68,63,58,63,62,62,59,57,63,62,62,59,331
HAGDGK,2024,61,66,56,56,58,59,59,56,66,57,60,60,331
KYXDFU,2024,60,56,51,58,54,55,60,55,56,58,55,55,331
8E8KMD,2024,59,61,54,54,55,58,58,50,59,55,56,56,331
NJ9MCY,2024,65,60,58,60,59,58,62,56,60,56,57,57,331
3DBSMY,2024,63,56,55,58,56,57,58,53,63,56,59,56,331
NJXZSM,2024,62,58,55,67,63,67,65,59,61,59,62,55,331
ZQ3M9S,2024,65,59,51,62,59,56,59,57,64,56,61,58,331
ENWXNX,2024,63,58,56,58,58,59,59,56,62,60,57,57,331
8ECH9B,2024,62,60,61,68,63,64,63,60,66,60,66,58,331
TYAP9P,2024,66,62,64,66,65,59,58,63,71,66,67,61,331
GWE3DD,2024,58,52,52,57,55,57,56,54,56,58,56,54,331
DD8HEY,2024,66,58,61,69,62,62,58,62,65,60,61,58,331
QB8GLX,2024,56,61,57,56,60,53,56,58,64,60,63,57,331
DV8HWP,2024,62,60,53,60,58,59,60,57,60,56,59,54,331
JUUYCQ,2024,61,59,56,60,58,55,56,56,57,53,57,54,331
HLHFS3,2024,66,60,57,65,60,62,60,59,59,54,61,58,331
UDAU7S,2024,67,60,61,66,63,60,58,61,72,65,65,62,331
X7PLXV,2024,66,63,61,59,61,59,62,56,60,60,61,60,331
8VW3ZM,2024,65,56,55,66,63,67,61,59,59,59,61,55,331
FPZFEA,2024,60,58,56,56,58,56,57,54,64,57,57,57,331
ATXMXU,2024,66,58,56,67,65,61,60,55,62,58,60,58,331
WBWLYT,2024,67,64,57,62,60,62,65,56,62,59,62,58,331
TLA9N3,2024,59,56,61,59,58,57,53,58,61,59,58,55,331
XNAMB3,2024,63,57,54,60,57,60,56,56,67,64,59,56,331
GPUAJQ,2024,62,60,56,64,62,67,62,61,67,62,64,57,331
CRRJ3M,2024,63,59,68,66,62,57,62,60,65,63,62,57,331
AEAWB7,2024,66,57,65,65,62,61,59,58,66,61,58,59,331
JGFWEW,2024,65,62,57,61,60,58,61,56,59,57,64,56,331
KHP3PG,2024,67,59,58,63,63,62,63,59,69,63,63,57,331
9YMHJK,2024,68,58,57,61,62,58,59,57,73,64,60,59,331
9QRLWD,2024,63,60,55,64,60,60,58,58,72,64,62,58,331
RCVNQF,2024,63,60,55,64,60,60,58,58,72,63,62,58,331
QNP9NG,2024,63,66,62,66,73,66,67,64,68,61,67,58,331
9EMKPE,2024,58,58,54,56,59,53,56,56,61,59,63,57,331
VHPQCW,2024,67,59,62,66,62,67,58,60,74,65,60,61,331
7VZCSZ,2024,64,58,55,61,61,60,58,57,73,64,62,59,331
3PVUQQ,2024,62,59,60,63,61,61,62,59,63,57,61,58,331
Z9E3EV,2024,62,63,59,62,62,63,60,58,64,57,63,58,331
JHXKUF,2024,64,59,63,64,64,60,58,58,66,59,61,57,331
BBKAZU,2024,67,64,59,64,61,60,62,60,69,61,61,60,331
UNURKF,2024,62,60,55,58,57,57,60,62,57,58,60,55,331
BCYDDC,2024,59,58,54,61,59,62,58,60,68,61,63,58,331
GZYD38,2024,66,58,57,63,62,62,59,59,67,59,58,56,331
CTHMJX,2024,68,70,60,61,67,61,64,62,64,61,67,59,331
3TUR78,2024,68,57,56,64,62,63,60,58,71,65,62,59,331
